en,fr,it,nl,ja,da,name,identifier,type,country,is_org_file,is_publisher
PAX,,,,,,PAX,NL-KVK-30214009,21,Netherlands,true,true
"Ministry of Education, Science, Research and Sport",,,,,,"Ministry of Education, Science, Research and Sport",XM-DAC-69-4,,,true,false
Ministry of Foreign and European Affairs of the Slovak Republic,,,,,,Ministry of Foreign and European Affairs of the Slovak Republic,XM-DAC-69-1,10,Slovakia,true,true
Slovak agency for Internal Development Cooperation,,,,,,Slovak agency for Internal Development Cooperation,XM-DAC-69-2,,,true,false
Ministry of Finance,,,,,,Ministry of Finance,XM-DAC-69-3,,,true,false
Lively Minds,,,,,,Lively Minds,GB-CHC-1125512,21,United Kingdom,true,true
Disability Rights Advocacy Fund,,,,,,Disability Rights Advocacy Fund,US-EIN-27-5026463,60,United States,true,true
Rojiroti UK,,,,,,Rojiroti UK,GB-CHC-1147083,21,United Kingdom,true,true
GAVI Alliance,,,,,,GAVI Alliance,47122,30,Switzerland,true,true
Stichting Kinderpostzegels Nederland,,,,,,Stichting Kinderpostzegels Nederland,NL-KVK-41167934,21,Netherlands,true,true
One Acre Fund,,,,,,One Acre Fund,US-DOS-64562614,21,,true,true
Cyan International,,,,,,Cyan International,GB-CHC-1129603,21,United Kingdom,true,true
Wemos Foundation,,,,,,Wemos Foundation,NL-KVK-41201644,21,Netherlands,true,true
Camfed International,,,,,,Camfed International,GB-CHC-1029161,21,United Kingdom,,true
Homeless International,,,,,,Homeless International,GB-CHC-1017255,21,United Kingdom,true,true
Fairfood International,,,,,,Fairfood International,NL-KVK-34141098,22,Netherlands,,true
Near East Foundation (NEF USA),,,,,,Near East Foundation (NEF USA),US-EIN-13-1624114,21,United States,true,true
Belgian Development Cooperation,,,,,,Belgian Development Cooperation,XM-DAC-2-10,10,Belgium,,true
Welbodi Partnership,,,,,,Welbodi Partnership,GB-CHC-1125217,80,United Kingdom,true,true
International Network of People who Use Drugs (INPUD),,,,,,International Network of People who Use Drugs (INPUD),GB-COH-08828458,21,United Kingdom,true,true
Caritas Finland,,,,,,Caritas Finland,FI-PRO-139407,22,Finland,true,true
ColaLife,,,,,,ColaLife,GB-CHC-1142516,22,United Kingdom,true,true
Afghanaid,,,,,,Afghanaid,GB-CHC-1045348,21,United Kingdom,,true
Netherlands Institute for Multiparty Democracy (NIMD),,,,,,Netherlands Institute for Multiparty Democracy (NIMD),NL-KVK-27189542,21,Netherlands,true,true
United Nations Children's Fund (UNICEF),,,,,,United Nations Children's Fund (UNICEF),41122,40,"Bilateral, unspecified",true,true
International Climate Initiative / BMUB Programmbuero IKI,,,,,,International Climate Initiative / BMUB Programmbuero IKI,XI-IATI-IKI,10,Germany,,true
Zing,,,,,,Zing,GB-CHC-1133342,60,United Kingdom,,true
Landell Mills,,,,,,Landell Mills,GB-COH-1574821,70,United Kingdom,,true
Stichting Mayday Rescue Foundation,,,,,,Stichting Mayday Rescue Foundation,NL-KVK-855689493,60,Netherlands,true,true
DECP,,,,,,DECP,NL-KVK-27284008,22,Netherlands,,true
Malaria Consortium,,,,,,Malaria Consortium,GB-CHC-1099776,21,United Kingdom,true,true
LEAD International,,,,,,LEAD International,GB-COH-4075590,21,United Kingdom,,true
PHASE Worldwide,,,,,,PHASE Worldwide,GB-CHC-1112734,21,United Kingdom,true,true
Stichting Health Action International,,,,,,Stichting Health Action International,NL-KVK-41207580,60,Netherlands,true,true
International Alert,,,,,,International Alert,GB-COH-2153193,21,United Kingdom,,true
The William and Flora Hewlett Foundation,,,,,,The William and Flora Hewlett Foundation,US-EIN-941655673,60,United States,true,true
Stichting Vluchteling,,,Stichting Vluchteling,,,Stichting Vluchteling,NL-KVK-41149486,21,Netherlands,true,true
Swiss Agency for Development and Cooperation (SDC),,,,,,Swiss Agency for Development and Cooperation (SDC),XM-DAC-CH-4,10,,true,true
PROTECTING FAMILIES AGAINST HIV/AIDS (PREFA),,,,,,PROTECTING FAMILIES AGAINST HIV/AIDS (PREFA),UG-RSB-63360,22,,true,true
ActionAid UK,,,,,,ActionAid UK,GB-CHC-274467,21,United Kingdom,,true
Stichting Red een Kind,,,,,,Stichting Red een Kind,NL-KVK-41022454,21,Netherlands,true,true
Mercy Corps Europe,,,,,,Mercy Corps Europe,GB-SC-SC030289,21,United Kingdom,true,true
Aeras,,,,,,Aeras,US-EIN-522044704,21,United States,,true
The Foundation Center,,,,,,The Foundation Center,US-EIN-131837418,21,United States,,true
Christian Aid Ireland,,,,,,Christian Aid Ireland,IE-CHY-6998,21,Ireland,true,true
Trust for Africa's Orphans,,,,,,Trust for Africa's Orphans,GB-CHC-1069208,21,United Kingdom,,true
Norad - Norwegian Agency for Development Cooperation,,,,,,Norad - Norwegian Agency for Development Cooperation,NO-BRC-971277882,10,Norway,true,true
Private Infrastructure Development Group,,,,,,Private Infrastructure Development Group,XM-DAC-47086,40,United Kingdom,true,true
Trianglen,,,,,Trianglen,Trianglen,DK-CVR-33985339,22,Denmark,true,true
PwC,,,,,,PwC,GB-COH-03580586,70,United Kingdom,,true
Upper Quartile,,,,,,Upper Quartile,GB-COH-SC301345,70,United Kingdom,true,true
CARE Nederland,,,,,,CARE Nederland,NL-KVK-41158230,21,Netherlands,true,true
FRANK Water,,,,,,FRANK Water,GB-CHC-1121273,21,United Kingdom,true,true
Cordaid,,,,,,Cordaid,NL-KVK-41160054,21,Netherlands,true,true
African Development Bank,,,,,,African Development Bank,46002,40,"Africa, regional",true,true
Asian Development Bank,,,,,,Asian Development Bank,46004,40,"Asia, regional",true,true
Adam Smith International,,,,,,Adam Smith International,GB-COH-2732176,70,United Kingdom,true,true
People in Need,,,,,,People in Need,CZ-ICO-25755277,21,Czech Republic,true,true
Clean Clothes Campaign,,,,,,Clean Clothes Campaign,NL-KVK-41210820,21,Netherlands,true,true
"WO=MEN, Dutch Gender Platform",,,,,,"WO=MEN, Dutch Gender Platform",NL-KVK-27293385,22,Netherlands,,true
Stichting ActionAId,,,,,,Stichting ActionAId,NL-KVK-41217595,21,Netherlands,true,true
Urgent Action Fund for Women's Human Rights,,,,,,Urgent Action Fund for Women's Human Rights,US-EIN-03-041973,21,United States,true,true
WaterAid,,,,,,WaterAid,GB-CHC-288701,21,United Kingdom,,true
Plan International UK,,,,,,Plan International UK,GB-COH-1364201,21,United Kingdom,true,true
Belgian development agency (BTC),,,,,,Belgian development agency (BTC),BE-BCE_KBO-0264814354,10,Belgium,,true
Promundo-US,,,,,,Promundo-US,US-EIN-26-1931968,21,United States,true,true
PEAS (Promoting Equality in African Schools),,,,,,PEAS (Promoting Equality in African Schools),GB-CHC-1126550,21,United Kingdom,true,true
Abt Associates Inc,,,,,,Abt Associates Inc,US-EIN-042347643,70,United States,,true
CABI,,,,,,CABI,XI-IATI-CABI,40,United Kingdom,true,true
Support Trust for Africa Development (STAD),,,,,,Support Trust for Africa Development (STAD),NL-KVK-27251823,21,Netherlands,,true
Australia - Department of  Foreign Affairs and Trade,,,,,,Australia - Department of  Foreign Affairs and Trade,AU-5,10,Australia,true,true
Netherlands Enterprise Agency,,,,,,Netherlands Enterprise Agency,NL-KVK-27378529,10,Netherlands,,true
The HALO Trust,,,,,,The HALO Trust,GB-CHC-1001813,21,United Kingdom,true,true
Urgent Action Fund Latin America and the Caribbean,,,,,,Urgent Action Fund Latin America and the Caribbean,CO-CCB-00159397,23,Colombia,true,true
Concern Worldwide UK,,,,,,Concern Worldwide UK,GB-CHC-1092236,21,United Kingdom,true,true
Christian Engineers in Development,,,,,,Christian Engineers in Development,GB-CHC-293734,21,United Kingdom,true,true
UK - Department for International Development (DFID),,,,,,UK - Department for International Development (DFID),GB-GOV-1,10,United Kingdom,true,true
CIFAL Scotland,,,,,,CIFAL Scotland,GB-SC-037597,80,United Kingdom,true,true
Viva,,,,,,Viva,GB-CHC-1053389,21,United Kingdom,true,true
Urgent Action Fund-Africa,,,,,,Urgent Action Fund-Africa,KE-NCB-200201282375,23,Kenya,true,true
Theatre for a Change Malawi,,,,,,Theatre for a Change Malawi,MW-NBM-00139,22,Malawi,true,true
RAIN Foundation,,,,,,RAIN Foundation,NL-KVK-34200988,21,Netherlands,,true
Signal,,,,,,Signal,GB-CHC-1151615,21,United Kingdom,true,true
Emmanuel International UK,,,,,,Emmanuel International UK,GB-CHC-289036,21,United Kingdom,true,true
Womankind Worldwide,,,,,,Womankind Worldwide,GB-CHC-328206,21,United Kingdom,true,true
Motivation,,,,,,Motivation,GB-CHC-1079358,21,United Kingdom,true,true
MICAIA,,,,,,MICAIA,GB-CHC-1120413,21,United Kingdom,true,true
HiiL innovating Justice,,,,,,HiiL innovating Justice,NL-KVK-27290536,60,Netherlands,,true
International Finance Corporation,,,,,,International Finance Corporation,XM-DAC-903,40,United States,true,true
Amnesty International The Netherlands,,,,,,Amnesty International The Netherlands,NL-KVK-40530953,21,Netherlands,true,true
Terre des Hommes Netherlands,,,,,,Terre des Hommes Netherlands,NL-KVK-41149287,21,Netherlands,,true
Free Press Unlimited,,,,,,Free Press Unlimited,NL-KVK-52957535,21,Netherlands,true,true
MVO Nederland,,,,,,MVO Nederland,NL-KVK-30195730,15,Netherlands,,true
"IDH, the Sustainable Trade Initiative",,,,,,"IDH, the Sustainable Trade Initiative",NL-KVK-53521129,21,Netherlands,true,true
Ministère de l'Economie et des Finances du Bénin,Ministère de l'Economie et des Finances du Benin,,,,,Ministère de l'Economie et des Finances du Benin,XM-DAC-236,10,Benin,true,true
InterAction,,,,,,InterAction,US-EIN-13-3287064,21,United States,,true
ICA:UK,,,,,,ICA:UK,GB-CHC-1090745,22,United Kingdom,true,true
Ecorys UK,,,,,,Ecorys UK,GB-COH-01650169,70,United Kingdom,true,true
AfriKids,,,,,,AfriKids,GB-CHC-1141028,21,United Kingdom,true,true
Mama Cash,,,,,,Mama Cash,NL-KVK-41202535,60,Netherlands,true,true
Windle Trust Kenya,,,,,,Windle Trust Kenya,KE-NCB-OP/218/051/915/65,22,Kenya,,true
IRC,,,,,,IRC,NL-KVK-41151952,21,Netherlands,,true
StreetInvest,,,,,,StreetInvest,GB-CHC-1127206,21,United Kingdom,true,true
IHE Delft Institute for Water Education,,,,,,IHE Delft Institute for Water Education,NL-KVK-41146484,80,Netherlands,,true
Simavi,,,,,,Simavi,NL-KVK-40594571,60,Netherlands,true,true
Hilfswerk Austria Zimbabwe,,,,,,Hilfswerk Austria Zimbabwe,ZW-ROD-000740,21,Zimbabwe,true,true
DanChurchAid,,,,,,DanChurchAid,DK-CVR-36980214,21,Denmark,true,true
CDC Group plc,,,,,,CDC Group plc,GB-COH-03877777,15,United Kingdom,,true
Twin,,,,,,Twin,GB-CHC-291824,21,United Kingdom,,true
Rutgers,,,,,,Rutgers,NL-KVK-41193594,21,Netherlands,true,true
TB Alert,,,,,,TB Alert,GB-CHC-1071886,21,United Kingdom,true,true
Association for Progressive Communication,,,,,,Association for Progressive Communication,US-EIN-943287156,21,United States,true,true
Helvetas Swiss Intercooperation,,,,,,Helvetas Swiss Intercooperation,CH-FDJP-CHE-105.834.763,21,Switzerland,,true
KPMG East Africa,,,,,,KPMG East Africa,TZ-BRLA-36057,70,Kenya,,true
Saferworld,,,,,,Saferworld,GB-CHC-1043843,21,United Kingdom,true,true
Oxfam GB,,,,,,Oxfam GB,GB-CHC-202918,21,United Kingdom,true,true
War on Want,,,,,,War on Want,GB-CHC-208724,21,United Kingdom,true,true
Mensen met een Missie,,,,,,Mensen met een Missie,NL-KVK-41149831,22,Netherlands,true,true
AFEW International,,,,,,AFEW International,NL-KVK-34148682,21,Netherlands,,true
Restless Development,,,,,,Restless Development,GB-CHC-1127488,21,United Kingdom,true,true
DNH Mali (Direction Nationale de l’Hydraulique du Mali),,,,,,DNH Mali (Direction Nationale de l’Hydraulique du Mali),ML-NIF-400100027H,10,Mali,,true
Tropenbos International (TBI),,,,,,Tropenbos International (TBI),NL-KVK-41155305,22,,true,true
Association for Women's Rights in Development (AWID),,,,,,Association for Women's Rights in Development (AWID),US-EIN-521291786,21,United States,true,true
Just Associates,,,,,,Just Associates,US-EIN-06-1597-668,21,United States,true,true
Sightsavers,,,,,,Sightsavers,GB-CHC-207544,21,United Kingdom,true,true
KwaAfrica,,,,,,KwaAfrica,GB-CHC-1054369,21,United Kingdom,true,true
Global Alliance for TB Drug Development,,,,,,Global Alliance for TB Drug Development,US-EIN-13-4128413,80,United States,,true
McKinsey & Company,,,,,,McKinsey & Company,GB-COH-FC012665,70,,,true
The International Children's Trust,,,,,,The International Children's Trust,GB-CHC-254781,21,United Kingdom,true,true
Self Help Africa,,,,,,Self Help Africa,IE-CHY-6663,21,Ireland,true,true
France - Ministry for Europe and Foreign Affairs,,,,,,France - Ministry for Europe and Foreign Affairs,FR-6,10,France,,true
War Child UK,,,,,,War Child UK,GB-CHC-1071659,21,United Kingdom,,true
Interact Worldwide,,,,,,Interact Worldwide,GB-CHC-1001698,21,United Kingdom,,true
Jeevika Trust,,,,,,Jeevika Trust,GB-CHC-291167,21,United Kingdom,,true
"Natural Resources Institute, University of Greenwich.",,,,,,"Natural Resources Institute, University of Greenwich.",GB-COH-00986729,80,United Kingdom,true,true
Acid Survivors Foundation,,,,,,Acid Survivors Foundation,PK-VSWA-511-2007,22,Pakistan,,true
Global Partnership for Education,,,,,,Global Partnership for Education,XM-DAC-47501,40,United States,,true
AWEPA,,,,,,AWEPA,NL-KVK-34106722,21,Netherlands,true,true
Network for Africa,,,,,,Network for Africa,GB-CHC-1120932,21,United Kingdom,true,true
European Commission - Development and Cooperation-EuropeAid,,,,,,European Commission - Development and Cooperation-EuropeAid,XI-IATI-EC_DEVCO,15,"Europe, regional",true,true
Stichting Tosangana,,,,,,Stichting Tosangana,NL-KVK-27285408-6,22,Netherlands,,true
Voluntary Service Overseas (VSO),,,,,,Voluntary Service Overseas (VSO),GB-CHC-313757,21,United Kingdom,true,true
U.S. African Development Foundation,,,,,,U.S. African Development Foundation,US-13,10,,true,true
Peace Corps,,,,,,Peace Corps,US-10,10,,true,true
Department of Labor,,,,,,Department of Labor,US-17,10,,true,true
partos,,,Partos,,,Partos,NL-KVK-34214586,22,Netherlands,true,true
CDC Group PLC,,,,,,CDC Group PLC,GB-COH-038777,15,,true,true
Development Initiatives Poverty Research,,,,,,Development Initiatives Poverty Research,GB-COH-06368740,21,United Kingdom,true,true
Amref Health Africa in Kenya,,,,,,Amref Health Africa in Kenya,KE-NCB-93175,21,Kenya,true,true
United Work,,,,,,United Work,NL-KVK-67143555,22,Netherlands,true,true
Ireland - Department of Foreign Affairs and Trade,,,,,,Ireland - Department of Foreign Affairs and Trade,XM-DAC-21-1,10,Ireland,,true
Palladium International Ltd (UK),,,,,,Palladium International Ltd (UK),GB-COH-02394229,70,United Kingdom,true,true
"The Global Fund to Fight AIDS, Tuberculosis and Malaria",,,,,,"The Global Fund to Fight AIDS, Tuberculosis and Malaria",47045,40,Switzerland,true,true
Norwegian Refugee Council,,,,,,Norwegian Refugee Council,NO-BRC-977538319,21,Norway,,true
Street Child,,,,,,Street Child,GB-CHC-1128536,21,United Kingdom,true,true
Cord,,,,,,Cord,GB-CHC-1070684,23,United Kingdom,true,true
Atos IT Services Ltd,,,,,,Atos IT Services Ltd,GB-COH-01245534,70,United Kingdom,true,true
Oxfam Novib,,,,,,Oxfam Novib,NL-KVK-27108436,21,Netherlands,true,true
Plan Nederland,,,,,,Plan Nederland,NL-KvK-41198890,21,Netherlands,true,true
act4africa,,,,,,act4africa,GB-COH-04276635,21,United Kingdom,true,true
Wageningen University & Research - Stichting Wageningen Research,,,,,,Wageningen University & Research - Stichting Wageningen Research,NL-KVK-09098104,80,Netherlands,true,true
Milieudefensie,,,,,,Milieudefensie,NL-KvK-40530467,22,Netherlands,true,true
ITPC,,,,,,ITPC,XI-IATI-BWCO20151011,21,,true,true
FMO,,,,,,FMO,NL-KVK-27078545,30,Netherlands,,true
MADE in Europe,,,,,,MADE in Europe,GB-COH-1134415,21,United Kingdom,,true
HelpAge International,,,,,,HelpAge International,GB-COH-1762840,21,United Kingdom,true,true
Southern African Catholic Bishops' Conference Aids Office,,,,,,Southern African Catholic Bishops' Conference Aids Office,ZA-NPO-061-870,23,South Africa,,true
WYG International,,,,,,WYG International,GB-COH-3195485,70,United Kingdom,true,true
International Rescue Committee UK,,,,,,International Rescue Committee UK,GB-CHC-1065972,21,United Kingdom,true,true
Giro555 (Stichting Samenwerkende Hulporganisaties),,,,,,Giro555 (Stichting Samenwerkende Hulporganisaties),NL-KVK-27302841,21,Netherlands,true,true
European Institute of Peace,,,,,,European Institute of Peace,BE-BCE_KBO- 0550758080,15,Belgium,,true
,Société Nationale des Eaux du Benin,,,,,Société Nationale des Eaux du Benin,BJ-IFU-32000700033415,15,,true,true
HealthNet TPO,,,HealthNet,,,HealthNet,NL-KVK-41211943,21,Netherlands,true,true
The National Association of Municipalities of Benin (ANCB),Association Nationale des Communes du Bénin,,,,,Association Nationale des Communes du Bénin,BJ-IFU-6201408024805,22,Benin,true,true
Women's Environment & Development Organization,,,,,,Women's Environment & Development Organization,US-EIN-52-1238773,21,United States,true,true
Relief International UK,,,,,,Relief International UK,GB-CHC-1098106,21,United Kingdom,true,true
Both ENDS,,,,,,Both ENDS,NL-KVK-41210098,22,Netherlands,true,true
Save the Children Netherlands,,,,,,Save the Children Netherlands,NL-KVK-41201463,21,Netherlands,,true
Protecting Families Against HIV/AIDS,,,,,,Protecting Families Against HIV/AIDS,UG-NGB-63360,22,Uganda,,true
ICS,,,,,,ICS,NL-KVK-41188664,21,Netherlands,,true
Amref Health Africa - UK,,,,,,Amref Health Africa - UK,GB-CHC-261488,21,United Kingdom,true,true
Women and Children First (UK),,,,,,Women and Children First (UK),GB-CHC-1085096,21,United Kingdom,true,true
World Association for Christian Communication (UK),,,,,,World Association for Christian Communication (UK),GB-COH-2082273,21,United Kingdom,,true
Plan Ireland Charitable Assistance Limited,,,,,,Plan Ireland Charitable Assistance Limited,IE-CHY-15037,21,Ireland,true,true
Excellent Development,,,,,,Excellent Development,GB-CHC-1094478,21,United Kingdom,true,true
APT Action on Poverty,,,,,,APT Action on Poverty,GB-CHC-290836,21,United Kingdom,true,true
TradeMark East Africa,,,,,,TradeMark East Africa,KE-RCO-CPR/2009/5689,23,Kenya,,true
CHOICE for Youth and Sexuality,,,,,,CHOICE for Youth and Sexuality,NL-KVK-32108345,21,Netherlands,true,true
Bees for Development Trust,,,,,,Bees for Development Trust,GB-CHC-1078803,21,United Kingdom,true,true
Oxford Policy Management,,,,,,Oxford Policy Management,GB-COH-3122495,70,United Kingdom,,true
All We Can (formerly Methodist Relief and Development Fund),,,,,,All We Can (formerly Methodist Relief and Development Fund),GB-CHC-291691,21,United Kingdom,true,true
European Bank for Reconstruction and Development,,,,,,European Bank for Reconstruction and Development,XI-IATI-EBRD,40,"Bilateral, unspecified",true,true
British Red Cross,,,,,,British Red Cross,GB-CHC-220949,21,United Kingdom,,true
CNV Internationaal,,,,,,CNV Internationaal,NL-KvK-54436222-27541,22,Netherlands,true,true
Tearfund,,,,,,Tearfund,GB-CHC-265464,21,United Kingdom,true,true
"Friends of the Earth England, Wales and Northern Ireland",,,,,,"Friends of the Earth England, Wales and Northern Ireland",GB-CHC-281681,22,United Kingdom,true,true
Aids Fonds - STOP AIDS NOW! - Soa Aids Nederland,,,,,,Aids Fonds - STOP AIDS NOW! - Soa Aids Nederland,NL-KVK-41207989,21,Netherlands,true,true
Rainforest Foundation UK,,,,,,Rainforest Foundation UK,GB-CHC-1138287,21,United Kingdom,,true
Friends of the Earth International,,,,,,Friends of the Earth International,NL-KVK-40535338,21,Netherlands,true,true
WNF Wereld Natuur Fonds,,,,,,WNF Wereld Natuur Fonds,NL-KVK-41177588,21,Netherlands,,true
ShelterBox,,,,,,ShelterBox,GB-CHC-1096479,21,United Kingdom,true,true
Stichting Onderzoek Multinationale Ondernemingen (SOMO),,,,,,Stichting Onderzoek Multinationale Ondernemingen (SOMO),NL-KVK-41223308,80,Netherlands,true,true
Royal Tropical Institute,,,,,,Royal Tropical Institute,NL-KVK-33185213,21,Netherlands,,true
Abaseen Foundation UK,,,,,,Abaseen Foundation UK,GB-CHC-1157009,21,United Kingdom,true,true
GlobalGiving.org,,,,,,GlobalGiving.org,US-EIN-300108263,21,United States,true,true
Young Innovations Pvt. Ltd,,,,,,Young Innovations Pvt. Ltd,NP-CRO-45995/063/064,80,Nepal,true,true
Zimbabwe Educational Trust,,,,,,Zimbabwe Educational Trust,GB-CHC-327519,21,United Kingdom,true,true
Living Earth Foundation,,,,,,Living Earth Foundation,GB-CHC-800672,21,United Kingdom,,true
Vision for a Nation Foundation,,,,,,Vision for a Nation Foundation,GB-CHC-1140123,21,United Kingdom,true,true
Project Harar,,,,,,Project Harar,GB-CHC-1094272,21,United Kingdom,true,true
ADD International,,,,,,ADD International,GB-COH-294860,21,United Kingdom,true,true
Local Development and Small Projects Support,,,,,,Local Development and Small Projects Support,TR-MOI-27-018-163,22,Turkey,,true
Mondiaal FNV,,,,,,Mondiaal FNV,NL-KvK-41177601,22,Netherlands,true,true
Conciliation Resources,,,,,,Conciliation Resources,GB-CHC-1055436,21,United Kingdom,,true
Oxfam India,,,,,,Oxfam India,IN-MCA-U74999DL2004NPL131340,22,India,,true
Hagar International UK,,,,,,Hagar International UK,GB-CHC-1143852,21,United Kingdom,true,true
UK - Welsh Government's Wales for Africa Programme,,,,,,UK - Welsh Government's Wales for Africa Programme,XM-DAC-12-22,10,United Kingdom,true,true
Hope and Homes for Children,,,,,,Hope and Homes for Children,GB-CHC-1089490,21,United Kingdom,true,true
Water Witness International,,,,,,Water Witness International,GB-COH-353570,21,United Kingdom,,true
Red Cross Red Crescent Climate Centre,,,,,,Red Cross Red Crescent Climate Centre,NL-KVK-27267681,21,Netherlands,,true
Enhanced Integrated Framework,,,,,,Enhanced Integrated Framework,XM-DAC-1409,40,Switzerland,true,true
Pump Aid,,,,,,Pump Aid,GB-CHC-1077889,21,United Kingdom,true,true
Pact,,,,,,Pact,US-EIN-13-2702768,21,United States,true,true
Y Care International,,,,,,Y Care International,GB-CHC-1109789,21,United Kingdom,true,true
Local and regional governments,,,,,,Local and regional governments,XM-DAC-69-30,,,true,false
Opportunity International UK,,,,,,Opportunity International UK,GB-COH-05322719,21,United Kingdom,,true
Vision Aid Overseas,,,,,,Vision Aid Overseas,GB-CHC-1081695,21,United Kingdom,true,true
War Child Holland,,,,,,War Child Holland,NL-KVK-41215393,21,Netherlands,,true
Christian Aid,,,,,,Christian Aid,GB-CHC-1105851,21,United Kingdom,true,true
Women for Women International (UK),,,,,,Women for Women International (UK),GB-CHC-1115109,21,United Kingdom,,true
UN Pooled Funds,,,,,,UN Pooled Funds,XI-IATI-UNPF,40,,,true
Hivos,,,,,,Hivos,NL-KVK-41198677,21,Netherlands,true,true
Theatre for a Change UK,,,,,,Theatre for a Change UK,GB-CHC-1104458,21,United Kingdom,true,true
Exeter Ethiopia Link,,,,,,Exeter Ethiopia Link,GB-CHC-1154085,21,United Kingdom,true,true
African Initiatives,,,,,,African Initiatives,GB-CHC-1064413,21,United Kingdom,,true
Build Africa,,,,,,Build Africa,GB-CHC-298316,21,United Kingdom,,true
Institute of Development Studies,,,,,,Institute of Development Studies,GB-COH-877338,80,United Kingdom,,true
Child-to-Child,,,,,,Child-to-Child,GB-CHC-1152010,21,United Kingdom,true,true
KPMG LLP,,,,,,KPMG LLP,GB-COH-OC301540,70,United Kingdom,true,true
Dóchas - Irish Association of Non Governmental Development Organisations,,,,,,Dóchas - Irish Association of Non Governmental Development Organisations,IE-CHY-6410,22,Ireland,,true
Alfalit,,,,,,Alfalit,MZ-MOJ-203D,22,Mozambique,,true
Transparency International Bangladesh,,,,,,Transparency International Bangladesh,BD-NAB-1301,22,Bangladesh,,true
OCHA Financial Tracking Service,,,,,,OCHA Financial Tracking Service,XM-OCHA-FTS,40,"Bilateral, unspecified",,true
Practical Action,,,,,,Practical Action,GB-COH-871954,21,United Kingdom,,true
APPRO-Europe,,,,,,APPRO-Europe,BE-GTCF-630789842,80,Belgium,true,true
UK - Medical Research Council,,,,,,UK - Medical Research Council,GB-COH-RC000346,10,United Kingdom,,true
Meningitis Research Foundation,,,,,,Meningitis Research Foundation,GB-CHC-1091105,21,United Kingdom,true,true
Stichting Woord en Daad,,,Stichting Woord en Daad,,,Stichting Woord en Daad,NL-KVK-41118168,21,Netherlands,true,true
Lepra,,,,,,Lepra,GB-CHC-213251,21,United Kingdom,true,true
World Economic Forum Geneva,,,,,,World Economic Forum Geneva,CH-FDJP-66004229946,21,Switzerland,,true
Pontis Foundation,,,,,,Pontis Foundation,SK-ZRSR-31784828,60,Slovakia,true,true
Baylor College of Medicine Children's Foundation Malawi,,,,,,Baylor College of Medicine Children's Foundation Malawi,MW-CNM-BCM-CF,22,Malawi,true,true
Disability Rights Fund,,,,,,Disability Rights Fund,US-EIN-27-5026293,21,United States,true,true
Catholic Relief Services,,,,,,Catholic Relief Services,US-EIN-13-5563422,21,United States,,true
ARK (Absolute Return for Kids),,,,,,ARK (Absolute Return for Kids),GB-COH-04589451,21,United Kingdom,,true
GEMS Education Solutions,,,,,,GEMS Education Solutions,GB-COH-07669775,70,Ghana,true,true
Wetlands International,,,,,,Wetlands International,NL-KVK-9099028,21,,,true
Action Against Hunger,,,,,,Action Against Hunger,GB-CHC-1047501,21,United Kingdom,true,true
Population Services International,,,,,,Population Services International,XI-IATI-21032,21,,true,true
Afghanistan and Central Asian Association,,,,,,Afghanistan and Central Asian Association,GB-CHC-1096908,21,United Kingdom,true,true
Indigo Trust,,,,,,Indigo Trust,GB-CHC-1075920,60,United Kingdom,true,true
Fair Wear Foundation,,,,,,Fair Wear Foundation,NL-KVK-34111374,21,Netherlands,,true
Netherlands Red Cross,,,,,,Netherlands Red Cross,NL-KVK-40409352,21,Netherlands,,true
Marie Stopes International,,,,,,Marie Stopes International,GB-COH-1102208,21,United Kingdom,true,true
Stichting fondsbeheer DGGF lokaal MKB,,,,,,Stichting fondsbeheer DGGF lokaal MKB,NL-KVK-61172863,60,Netherlands,,true
Target TB,,,,,,Target TB,GB-CHC-1098752,21,United Kingdom,,true
Water Works,,,,,,Water Works,GB-CHC-1158206,21,United Kingdom,true,true
Department of Interior,,,,,,Department of Interior,US-9,10,,true,true
Department of Health and Human Services,,,,,,Department of Health and Human Services,US-8,10,,true,true
Department of Defense,,,,,,Department of Defense,US-7,10,,true,true
U.S. Department of the Treasury,,,,,,U.S. Department of the Treasury,US-6,10,,true,true
Simprints,,,,,,Simprints,GB-COH-8835431,21,United Kingdom,true,true
U.S. Department of Agriculture,,,,,,U.S. Department of Agriculture,US-2,10,,true,true
Department of State and USAID,,,,,,Department of State and USAID,US-1,10,,true,true
International Development Law Organization,,,,,,International Development Law Organization,XM-DAC-47059,40,Italy,true,true
IOD PARC,,,,,,IOD PARC,GB-COH-03613839,70,United Kingdom,true,true
Railway Children,,,,,,Railway Children,GB-CHC-1058991,21,United Kingdom,true,true
Article19,,,,,,Article19,GB-CHC-327421,21,United Kingdom,true,true
The Queen Elizabeth Diamond Jubilee Trust,,,,,,The Queen Elizabeth Diamond Jubilee Trust,GB-CHC-1145640,60,United Kingdom,true,true
Charity Projects Ltd (Comic Relief),,,,,,Charity Projects Ltd (Comic Relief),GB-CHC-326568,60,United Kingdom,,true
European Investment Bank,,,,,,European Investment Bank,XM-DAC-918-3,40,"Europe, regional",true,true
Plan International Finland,,,,,,Plan International Finland,FI-PRO-1498487-2,21,Finland,,true
Publish What You Fund,,,,,,Publish What You Fund,GB-COH-07676886,21,United Kingdom,true,true
Amref Health Africa Malawi,,,,,,Amref Health Africa Malawi,MW-NBM-R1527,22,Malawi,true,true
Itad,,,,,,Itad,GB-COH-1869600,70,United Kingdom,true,true
Cardno Emerging Markets,,,,,,Cardno Emerging Markets,GB-COH-05543952,70,United Kingdom,,true
Food and Agriculture Organization of the United Nations (FAO),,,,,,Food and Agriculture Organization of the United Nations (FAO),XM-DAC-41301,40,,true,true
IMC WORLDWIDE,,,,,,IMC WORLDWIDE,GB-COH-02651349,70,United Kingdom,,true
International Labour Organization,,,,,,International Labour Organization,XM-DAC-41302,40,Switzerland,,true
ChildHope UK,,,,,,ChildHope UK,GB-CHC-328434,21,United Kingdom,,true
Oxfam IBIS,,,,,,Oxfam IBIS,DK-CVR-88136411,21,Denmark,true,true
Conflict Dynamics International,,,,,,Conflict Dynamics International,US-EIN-56-2460366,21,United States,true,true
Muslim Aid,,,,,,Muslim Aid,GB-CHC-295224,21,United Kingdom,true,true
CREA USA,,,,,,CREA USA,US-EIN-31-1812979,21,India,true,true
Link Community Development Scotland,,,,,,Link Community Development Scotland,GB-SC-SC037959,21,United Kingdom,,true
MapAction,,,,,,MapAction,GB-CHC-1126727,21,United Kingdom,,true
Akvo Foundation,,,,,,Akvo Foundation,NL-KVK-27327087,21,Netherlands,true,true
Arab foundation for freedoms and equality,,,,,,Arab foundation for freedoms and equality,LB-MOI-18291,23,Lebanon,,true
"Lithuania, Ministry of Foreign Affairs",,,,,,"Lithuania, Ministry of Foreign Affairs",XM-DAC-84,10,Lithuania,,true
The Asia Foundation,,,,,,The Asia Foundation,US-EIN-941191246,21,United States,,true
IUCN Nederlands Comité,,,,,,IUCN Nederlands Comité,NL-KVK-41180885,21,Netherlands,true,true
Fauna & Flora International,,,,,,Fauna & Flora International,GB-COH-0277068,21,United Kingdom,,true
CRANE,,,,,,CRANE,UG-NGB-5914-9186,22,Uganda,true,true
UK - Department of Health (DH),,,,,,UK - Department of Health (DH),GB-GOV-10,10,United Kingdom,,true
Aasaman Nepal,,,,,,Aasaman Nepal,NP-SWC-27693,22,Nepal,,true
Disasters Emergency Committee,,,,,,Disasters Emergency Committee,GB-CHC-1062638,22,United Kingdom,true,true
Burns Violence Survivors - Nepal,,,,,,Burns Violence Survivors - Nepal,NP-SWC-27288,22,Nepal,true,true
Maxwell Stamp PLC,,,,,,Maxwell Stamp PLC,GB-COH-00637978,70,United Kingdom,true,true
Samaritan's Purse UK,,,,,,Samaritan's Purse UK,GB-CHC-1001349,21,United Kingdom,true,true
Catholic Agency For Overseas Development (CAFOD),,,,,,Catholic Agency For Overseas Development (CAFOD),GB-CHC-285776,21,United Kingdom,,true
Palliative Care Support Trust,,,,,,Palliative Care Support Trust,MW-RG-2977,22,Malawi,true,true
United Nations Office for the Coordination of Humanitarian Affairs (OCHA),,,,,,United Nations Office for the Coordination of Humanitarian Affairs (OCHA),XM-DAC-41127,40,Switzerland,,true
Network of International Development Organisations in Scotland,,,,,,Network of International Development Organisations in Scotland,GB-SC-035314,23,United Kingdom,,true
Defence for Children International Netherlands - ECPAT Netherlands,,,,,,Defence for Children International Netherlands - ECPAT Netherlands,NL-KVK-41208813,22,Netherlands,true,true
Water & Sanitation for the Urban Poor (WSUP),,,,,,Water & Sanitation for the Urban Poor (WSUP),GB-COH-5419428,30,United Kingdom,true,true
iPartner India,,,,,,iPartner India,GB-CHC-1114944,21,United Kingdom,true,true
Agriterra,,,,,,Agriterra,NL-KVK-41048542,22,Netherlands,,true
Shtrii Shakti,,,,,,Shtrii Shakti,NP-SWC-00589,22,Nepal,,true
"Ministry of Foreign Affairs and Cooperation, Spain",,,,,,"Ministry of Foreign Affairs and Cooperation, Spain",ES-DIR3-E04585801-009-001091,,,true,false
Alcis Holdings Limited,,,,,,Alcis Holdings Limited,GB-COH-5155300,70,United Kingdom,,true
World Vision Netherlands,,,,,,World Vision Netherlands,NL-KVK-41179943,60,Netherlands,true,true
International HIV/AIDS Alliance,,,,,,International HIV/AIDS Alliance,GB-CHC-1038860,21,United Kingdom,true,true
Orbis Charitable Trust,,,,,,Orbis Charitable Trust,GB-CHC-1061352,21,United Kingdom,true,true
International Union for Conservation of Nature and Natural Resources,,,,,,International Union for Conservation of Nature and Natural Resources,XM-DAC-30011,15,Switzerland,true,true
UNITAID,,,,,,UNITAID,XM-DAC-30010,40,,true,true
PONT,,,,,,PONT,GB-CHC-1125948,21,United Kingdom,,true
Stars Foundation,,,,,,Stars Foundation,GB-CHC-1087997,60,United Kingdom,true,true
African Centre for Global Health and Social Transformation,,,,,,African Centre for Global Health and Social Transformation,UG-RSB-73316,21,Uganda,,true
interburns,,,,,,interburns,GB-CHC-1122299,21,United Kingdom,true,true
HE Foundation,,,,,,HE Foundation,NL-KVK-58183167,60,Netherlands,,true
Delivery Associates Ltd,,,,,,Delivery Associates Ltd,GB-COH-08333641,70,United Kingdom,,true
Mifumi UK,,,,,,Mifumi UK,GB-CHC-1038785,21,United Kingdom,true,true
SOS Sahel International UK,,,,,,SOS Sahel International UK,GB-COH-2100867,21,United Kingdom,,true
mothers2mothers,,,,,,mothers2mothers,ZA-NPO-025-359,21,South Africa,true,true
Carers Worldwide,,,,,,Carers Worldwide,GB-CHC-1150214,21,United Kingdom,true,true
Water for People,,,,,,Water for People,US-EIN-84-1166148,21,United States,true,true
Heifer Nederland,,,,,,Heifer Nederland,NL-KVK-20093733,22,Netherlands,true,true
The Open University,,,,,,The Open University,GB-CHC-000391,80,United Kingdom,true,true
AbleChildAfrica,,,,,,AbleChildAfrica,GB-CHC-326859,21,United Kingdom,true,true
Health Poverty Action,,,,,,Health Poverty Action,GB-CHC-1837621,21,United Kingdom,,true
European Commission - Humanitarian Aid & Civil Protection,,,,,,European Commission - Humanitarian Aid & Civil Protection,XI-IATI-EC_ECHO,15,"Europe, regional",true,true
Link Community Development International,,,,,,Link Community Development International,GB-CHC-1048007,21,United Kingdom,true,true
IntraHealth International,,,,,,IntraHealth International,US-EIN-550825466,21,United States,true,true
Feed the Minds,,,,,,Feed the Minds,GB-CHC-291333,21,United Kingdom,true,true
marysmeals,,,,,,marysmeals,GB-SC-SCO45223,21,United Kingdom,true,true
Karuna Trust,,,,,,Karuna Trust,GB-CHC-327461,21,United Kingdom,,true
EMMS International,,,,,,EMMS International,GB-SC-SC032327,21,United Kingdom,true,true
Agência de Desenvolvimento do Vale do Zambeze,,,,,,Agência de Desenvolvimento do Vale do Zambeze,XI-IATI-ADVZ,10,Mozambique,,true
AgriProFocus,,,,,,AgriProFocus,NL-KVK-30204842,60,Netherlands,true,true
BasicNeeds,,,,,,BasicNeeds,GB-CHC-1079599,21,United Kingdom,true,true
WASH Alliance International,,,,,,WASH Alliance International,XI-IATI-WAI,21,Netherlands,true,true
Solidaridad,,,,,,Solidaridad,NL-KVK-51756811,21,Netherlands,true,true
Centre for Economic Policy Research,,,,,,Centre for Economic Policy Research,GB-CHC-287287,22,United Kingdom,true,true
Canada Department of Finance / Ministère des Finances Canada,,,,,,Canada Department of Finance / Ministère des Finances Canada,CA-4,10,Canada,true,true
Dorcas Aid International,,,,,,Dorcas Aid International,NL-KVK-41236410,21,Netherlands,true,true
COC Nederland,,,,,,COC Nederland,NL-KVK-40530156,22,Netherlands,,true
Forests Monitor,,,,,,Forests Monitor,GB-COH-3008440,21,United Kingdom,true,true
Union of Agricultural Work Committees,,,,,,Union of Agricultural Work Committees,PS-MOI-RA-22220-A,22,"Palestinian Territory, Occupied",,true
Inter-American Development Bank,,,,,,Inter-American Development Bank,XI-IATI-IADB,40,"America, regional",,true
The Joint United Nations Programme on HIV and AIDS (UNAIDS) Secretariat,,,,,,The Joint United Nations Programme on HIV and AIDS (UNAIDS) Secretariat,XM-DAC-41110,40,Switzerland,true,true
United Nations Development Programme (UNDP),,,,,,United Nations Development Programme (UNDP),XM-DAC-41114,40,,true,true
Amref Health Africa in Ethiopia,,,,,,Amref Health Africa in Ethiopia,ET-MFA-0001989741,21,Ethiopia,true,true
RNW Media,,,,,,RNW Media,NL-KVK-32022621,21,,true,true
The Global Alliance for Improved Nutrition,,,,,,The Global Alliance for Improved Nutrition,30001,21,Switzerland,true,true
UK - Scottish Government,,,,,,UK - Scottish Government,GB-GOV-21,10,United Kingdom,,true
Survivors Fund (SURF),,,,,,Survivors Fund (SURF),GB-CHC-1065705,21,United Kingdom,,true
ZOA,,,,,,ZOA,NL-KVK-41009723,21,Netherlands,true,true
TechnoServe,,,,,,TechnoServe,US-EIN-13-2626135,21,United States,,true
Denmark - Danida - Danish Ministry of Foreigh Affairs,,,,,,Denmark - Danida - Danish Ministry of Foreigh Affairs,DK-1,10,Denmark,true,true
dance4life,,,,,,dance4life,NL-KVK-34197379,21,Netherlands,,true
SOS Children's Villages The Netherlands,,,,,,SOS Children's Villages The Netherlands,NL-KVK-41197577,60,Netherlands,,true
Spain - Ministry of Foreign Affairs and Cooperation,,,,,,Spain - Ministry of Foreign Affairs and Cooperation,ES-DIR3-E04585801,10,Spain,,true
Hospice Africa Ltd,,,,,,Hospice Africa Ltd,GB-CHC-1024903,80,United Kingdom,true,true
Afghanistan Public Policy Research Organization (APPRO),,,,,,Afghanistan Public Policy Research Organization (APPRO),AF-MOE-1212,80,Afghanistan,true,true
Bees Abroad UK,,,,,,Bees Abroad UK,GB-CHC-1108464,21,United Kingdom,,true
United Nations Central Emergency Response Fund (CERF),,,,,,United Nations Central Emergency Response Fund (CERF),XM-OCHA-CERF,40,United States,,true
The Freedom Fund,,,,,,The Freedom Fund,GB-COH-1158838,21,United Kingdom,true,true
International Medical Corps UK,,,,,,International Medical Corps UK,GB-CHC-1093861,21,United Kingdom,true,true
Youth Net and Counselling - YONECO,,,,,,Youth Net and Counselling - YONECO,MW-CNM-C076-1999,22,Malawi,true,true
Friends of the Earth-Ghana,,,,,,Friends of the Earth-Ghana,GH-DSW-258,22,Ghana,true,true
AICS - Agenzia Italiana per la Cooperazione allo Sviluppo / Italian Agency for Cooperation and Development,,AICS - Agenzia Italiana per la Cooperazione allo Sviluppo,,,,AICS - Agenzia Italiana per la Cooperazione allo Sviluppo,XM-DAC-6-4,10,Italy,true,true
BSR,,,,,,BSR,US-EIN-52-1764268,21,United States,true,true
International Treatment Preparedness Coalition (ITPC),,,,,,International Treatment Preparedness Coalition (ITPC),BW-CIPA-CO20151011,21,Botswana,,true
World Health Organization,,,,,,World Health Organization,XM-DAC-928,40,Switzerland,true,true
Stichting Nederlands Instituut voor Internationale Betrekkingen 'Clingendael',,,,,,Stichting Nederlands Instituut voor Internationale Betrekkingen 'Clingendael',NL-KVK-41152832,80,Netherlands,,true
Aktis Strategy Ltd,,,,,,Aktis Strategy Ltd,GB-COH-08327972,70,United Kingdom,true,true
Miscellaneous,,,,,,Miscellaneous,XM-DAC-69-99,,,true,false
Women Environmental Programme,,,,,,Women Environmental Programme,NG-CAC-495140,22,Nigeria,true,true
Girls’ Education Challenge – Fund Manager PwC,,,,,,Girls’ Education Challenge – Fund Manager PwC,GB-COH-03580586-GEC,70,United Kingdom,,true
Switzerland - Swiss Agency for Development and Cooperation (SDC),,,,,,Switzerland - Swiss Agency for Development and Cooperation (SDC),CH-4,10,Switzerland,,true
Magariro,,,,,,Magariro,MZ-MOJ-F2G1No4,22,Mozambique,,true
Power International,,,,,,Power International,GB-CHC-1059996,21,United Kingdom,true,true
Sympany+,,,,,,Sympany+,NL-KVK-30285304,21,Netherlands,true,true
Digital Campus,,,,,,Digital Campus,GB-COH-07629751,80,United Kingdom,true,true
SPARK,,,,,,SPARK,NL-KVK-41213450,21,Netherlands,,true
Wellfound,,,,,,Wellfound,GB-CHC-1110434,21,United Kingdom,true,true
GPPAC Foundation,,,,,,GPPAC Foundation,NL-KVK-41217404,21,Netherlands,true,true
UK - Ministry of Defence,,,,,,UK - Ministry of Defence,GB-GOV-8,10,United Kingdom,true,true
Women Peacemakers Program,,,,,,Women Peacemakers Program,NL-KVK-56083459,21,Netherlands,,true
Leonard Cheshire Disability,,,,,,Leonard Cheshire Disability,GB-CHC-218186,21,United Kingdom,true,true
Retrak,,,,,,Retrak,GB-CHC-1122799,21,United Kingdom,true,true
Adaptation Fund,,,,,,Adaptation Fund,47111,40,United States,,true
United Purpose,,,,,,United Purpose,GB-CHC-272465,21,United Kingdom,true,true
Teach A Man To Fish,,,,,,Teach A Man To Fish,GB-CHC-1112699,21,United Kingdom,true,true
HTSPE,,,,,,HTSPE,GB-COH-06407873,70,United Kingdom,true,true
UN-Habitat,,,,,,UN-Habitat,41120,40,"Bilateral, unspecified",,true
Stichting Aflatoun International,,,,,,Stichting Aflatoun International,NL-KVK-34229026,21,Netherlands,,true
UK - Foreign & Commonwealth Office,,,,,,UK - Foreign & Commonwealth Office,GB-GOV-3,10,United Kingdom,,true
The OPEC Fund for International Development (OFID),,,,,,The OPEC Fund for International Development (OFID),XI-IATI-OFID,40,Austria,,true
PUM Netherlands,,,,,,PUM Netherlands,NL-KVK-41160229,21,Netherlands,true,true
The Sabre Charitable Trust,,,,,,The Sabre Charitable Trust,GB-CHC-1105489,21,United Kingdom,true,true
Amref Health Africa Headquarters,,,,,,Amref Health Africa Headquarters,KE-RCO-C1-61,21,Kenya,true,true
United Nations World Food Programme (WFP),,,,,,United Nations World Food Programme (WFP),XM-DAC-41140,40,Italy,true,true
InterClimate Network,,,,,,InterClimate Network,GB-COH-06587734,21,United Kingdom,,true
InterAction's NGO Aid Map,,,,,,InterAction's NGO Aid Map,US-EIN-13-3287064NAM,21,United States,,true
International Planned Parenthood Federation,,,,,,International Planned Parenthood Federation,GB-CHC-21023,21,United Kingdom,true,true
International Network for Bamboo and Rattan (INBAR),,,,,,International Network for Bamboo and Rattan (INBAR),XM-DAC-47064,40,,,true
Health Partners International,,,,,,Health Partners International,GB-COH-03054929,70,,true,true
Win Win Strategies,,,,,,Win Win Strategies,NL-KVK-66926262,21,Netherlands,true,true
Caritas Denmark,,,,,,Caritas Denmark,DK-CVR-29439915,22,Denmark,true,true
CODA International,,,,,,CODA International,GB-CHC-1000717,21,United Kingdom,,true
Find Your Feet,,,,,,Find Your Feet,GB-CHC-250456,21,United Kingdom,true,true
"Discovery Learning Alliance, Inc.",,,,,,"Discovery Learning Alliance, Inc.",US-EIN-522043740,21,United States,,true
Penal Reform International,,,,,,Penal Reform International,GB-COH-04154075,21,United Kingdom,,true
Progressio,,,,,,Progressio,GB-CHC-294329,21,United Kingdom,true,true
European Journalism Centre,,,,,,European Journalism Centre,NL-KVK-41078390,22,Netherlands,true,true
New Zealand - Ministry of Foreign Affairs and Trade - New Zealand Aid Programme,,,,,,New Zealand - Ministry of Foreign Affairs and Trade - New Zealand Aid Programme,NZ-1,10,New Zealand,,true
Scottish Catholic International Aid Fund (SCIAF),,,,,,Scottish Catholic International Aid Fund (SCIAF),GB-SC-SC012302,21,United Kingdom,true,true
International IDEA,,,,,,International IDEA,XM-DAC-47058,21,Sweden,,true
Aqua for All,,,,,,Aqua for All,NL-KVK-27248417,60,Netherlands,,true
Sense International,,,,,,Sense International,GB-CHC-1076497,21,United Kingdom,,true
Islamic Relief Worldwide,,,,,,Islamic Relief Worldwide,GB-CHC-328158,21,United Kingdom,true,true
Free a Girl,,,,,,Free a Girl,NL-KVK-34308169,60,Netherlands,true,true
Germany - Ministry for Economic Cooperation and Development,,,,,,Germany - Ministry for Economic Cooperation and Development,DE-1,10,Germany,true,true
Friends of Publish What You Fund,,,,,,Friends of Publish What You Fund,US-EIN-47-4128047,21,United States,true,true
People In Aid,,,,,,People In Aid,GB-CHC-1078768,21,United Kingdom,,true
MannionDaniels,,,,,,MannionDaniels,GB-COH-04105827,70,United Kingdom,,true
AECOM,,,,,,AECOM,GB-COH-01846493,70,United Kingdom,,true
Triple Line,,,,,,Triple Line,GB-COH-03788027,70,United Kingdom,,true
World Vision UK,,,,,,World Vision UK,GB-CHC-285908,21,United Kingdom,,true
Ajuda de Desenvolvimento de Povo para Povo (ADPP),,,,,,Ajuda de Desenvolvimento de Povo para Povo (ADPP),mz-moj-64vq1,22,Mozambique,,true
World Child Cancer UK,,,,,,World Child Cancer UK,GB-CHC-1084729,21,United Kingdom,true,true
Bond,,,,,,Bond,GB-CHC-1068839,22,United Kingdom,true,true
ChildFund International,,,,,,ChildFund International,US-EIN-54-0536100,21,United States,true,true
Canada - International Development Research Centre/Centre de recherches pour le développement international,,,,,,Canada - International Development Research Centre/Centre de recherches pour le développement international,XM-DAC-301-2,15,Canada,true,true
Sound Seekers Limited,,,,,,Sound Seekers Limited,GB-COH-04354941,21,United Kingdom,,true
Integrity Action,,,,,,Integrity Action,GB-COH-4884328,21,United Kingdom,true,true
Children in Crisis,,,,,,Children in Crisis,GB-CHC-1020488,21,United Kingdom,,true
Sonke Gender Justice,,,,,,Sonke Gender Justice,ZA-PBO-064-502,21,South Africa,true,true
HealthProm,,,,,,HealthProm,GB-COH-4887855,21,United Kingdom,,true
LAMB Health Care Foundation,,,,,,LAMB Health Care Foundation,GB-CHC-1101217,22,United Kingdom,true,true
Global Action Nepal,,,,,,Global Action Nepal,NP-SWC-13712,22,Nepal,,true
European Commission - Service for Foreign Policy Instruments,,,,,,European Commission - Service for Foreign Policy Instruments,XI-IATI-EC_FPI,15,"Europe, regional",true,true
ActionAid International,,,,,,ActionAid International,NL-KVK-27264198,21,Netherlands,,true
Mulanje Mission Hospital,,,,,,Mulanje Mission Hospital,MW-MRA-20125995,22,Malawi,true,true
Mainline,,,,,,Mainline,NL-KVK-41209946,60,Netherlands,true,true
Friends of Kipkelion,,,,,,Friends of Kipkelion,GB-CHC-1142476,23,Kenya,true,true
UN Women,,,,,,UN Women,XM-DAC-411124,40,,,true
WWF-UK,,,,,,WWF-UK,GB-CHC-1081247,21,United Kingdom,true,true
Bill and Melinda Gates Organization,,,,,,Bill and Melinda Gates Organization,XM-DAC-DAC-1601,60,,true,true
WASTE advisers on urban environment and development,,,,,,WASTE advisers on urban environment and development,NL-KVK-41172933,60,Netherlands,,true
Centre For Citizens With Disabilities,,,,,,Centre For Citizens With Disabilities,NG-CAC-IT-23286,22,Nigeria,,true
Disability and Development Partners,,,,,,Disability and Development Partners,GB-CHC-1046001,21,United Kingdom,,true
"United Nations Educational, Scientific and Cultural Organization (UNESCO)",,,,,,"United Nations Educational, Scientific and Cultural Organization (UNESCO)",41304,40,France,,true
Bioclimate Research and Development,,,,,,Bioclimate Research and Development,GB-SC-044007,21,United Kingdom,,true
One to One Children's Fund,,,,,,One to One Children's Fund,GB-CHC-1086159,21,United Kingdom,true,true
Transnational Institute,,,,,,Transnational Institute,NL-KVK-41201806,60,Netherlands,,true
Options Consultancy Services,,,,,,Options Consultancy Services,GB-COH-2695347,70,United Kingdom,true,true
Haiti Hospital Appeal,,,,,,Haiti Hospital Appeal,GB-CHC-1117528,21,United Kingdom,true,true
Varkey Foundation,,,,,,Varkey Foundation,GB-CHC-1145119,21,Ghana,true,true
Food for the Hungry UK,,,,,,Food for the Hungry UK,GB-CHC-328273,21,United Kingdom,true,true
Developments In Literacy Trust UK,,,,,,Developments In Literacy Trust UK,GB-CHC-1122924,21,United Kingdom,true,true
MAG,,,,,,MAG,GB-CHC-1083008,21,United Kingdom,true,true
Heifer International South Africa,,,,,,Heifer International South Africa,ZA-NPO-013484,22,South Africa,true,true
Ethical Trading Initiative,,,,,,Ethical Trading Initiative,GB-COH-3578127,21,United Kingdom,,true
Agence Française de Développement,Agence Française de Développement,,,,,Agence Française de Développement,FR-3,15,France,true,true
Social Impact Lab CIC,,,,,,Social Impact Lab CIC,GB-COH-7557881,21,United Kingdom,true,true
openmindedly,,,,,,openmindedly,IM-CR-024714B,70,Isle Of Man,true,true
Send a Cow,,,,,,Send a Cow,GB-CHC-299717,21,United Kingdom,true,true
United Nations Population Fund,,,,,,United Nations Population Fund,41119,40,"Bilateral, unspecified",true,true
Canon Collins Trust,,,,,,Canon Collins Trust,GB-CHC-1102028,21,United Kingdom,,true
The Coca-Cola Export Corporation,,,,,,The Coca-Cola Export Corporation,XI-IATI-1001,70,United States,,true
United Mission to Nepal,,,,,,United Mission to Nepal,XI-IATI-1002,21,Nepal,true,true
International Procurement Agency,,,,,,International Procurement Agency,NL-KVK-32037590,70,Netherlands,true,true
United Nations Capital Development Fund,,,,,,United Nations Capital Development Fund,41111,40,United States,,true
ICCO Cooperation,,,,,,ICCO Cooperation,NL-KVK-56484038,21,Netherlands,true,true
Amref Health Africa in Uganda,,,,,,Amref Health Africa in Uganda,UG-NGB-5914-252,22,Uganda,true,true
Netherlands - Ministry of Foreign Affairs,,,,,,Netherlands - Ministry of Foreign Affairs,XM-DAC-7,10,Netherlands,true,true
EveryChild,,,,,,EveryChild,GB-CHC-1089879,21,United Kingdom,true,true
TEAR fund Nederland,,,,,,TEAR fund Nederland,NL-KVK-41177385,22,Netherlands,true,true
SNV Netherlands Development Organisation,,,,,,SNV Netherlands Development Organisation,NL-KVK-41152786,21,Netherlands,true,true
Farm Africa,,,,,,Farm Africa,GB-COH-01926828,21,United Kingdom,true,true
UTZ,,,,,,UTZ,NL-KVK-34159275,21,Netherlands,,true
THE CONVENTION ON BUSINESS INTEGRITY LTD (GTE),,,,,,THE CONVENTION ON BUSINESS INTEGRITY LTD (GTE),NG-CAC-RC481360,22,,true,true
Norwegian People's Aid,,,,,,Norwegian People's Aid,NO-BRC-871033552,21,Norway,true,true
The Salvation Army International Development UK,,,,,,The Salvation Army International Development UK,GB-CHC-214779,21,United Kingdom,,true
BBC Media Action,,,,,,BBC Media Action,GB-CHC-1076235,21,United Kingdom,true,true
War on Want NI,,,,,,War on Want NI,GB-COH-NI011322,21,United Kingdom,true,true
Mott MacDonald Limited,,,,,,Mott MacDonald Limited,GB-COH-1110949,70,United Kingdom,,true
Save the Children UK,,,,,,Save the Children UK,GB-COH-213890,21,United Kingdom,true,true
International Women's Development Agency,,,,,,International Women's Development Agency,AU-ACNC-19242959685,21,Australia,true,true
Transparency International Secretariat,,,,,,Transparency International Secretariat,21033,21,Germany,true,true
World Economic Forum,,,,,,World Economic Forum,US-EIN-20-3908371,21,United States,true,true
Resource Extraction Monitoring,,,,,,Resource Extraction Monitoring,GB-COH-4905100,21,United Kingdom,,true
Learning for Life,,,,,,Learning for Life,GB-CHC-1105277,21,United Kingdom,true,true
Africa Educational Trust,,,,,,Africa Educational Trust,GB-CHC-313139,21,United Kingdom,true,true
Omidyar Network Fund Inc.,,,,,,Omidyar Network Fund Inc.,US-EIN-20-1173866,60,United States,true,true
Doctors of the World UK,,,,,,Doctors of the World UK,GB-CHC-1067406,21,United Kingdom,true,true
Youth Business International,,,,,,Youth Business International,GB-CHC-1123946,21,United Kingdom,,true
Japan International Cooperation Agency (JICA),,,,Japan International Cooperation Agency (JICA),,Japan International Cooperation Agency (JICA),XM-DAC-701-8,10,Japan,true,true
Société Nationale des eaux du Bénin (SONEB),,,,,,Société Nationale des eaux du Bénin (SONEB),BJ-IFU-3200700033415,15,Benin,,true
Nathan Associates London Ltd.,,,,,,Nathan Associates London Ltd.,GB-COH-02768268,70,United Kingdom,,true
Agency for Cooperation and Research in Development (ACORD),,,,,,Agency for Cooperation and Research in Development (ACORD),GB-CHC-283302,21,United Kingdom,true,true
International Fund for Agricultural Development,,,,,,International Fund for Agricultural Development,XM-DAC-41108,40,,,true
Crown Agents Limited,,,,,,Crown Agents Limited,GB-COH-03259922,70,United Kingdom,,true
Grow Movement,,,,,,Grow Movement,GB-CHC-1139083,80,United Kingdom,true,true
Finland - Ministry of Foreign Affairs,,,,,,Finland - Ministry of Foreign Affairs,FI-3,10,Finland,true,true
Kepa ry,,,,,,Kepa ry,FI-PRO-143138,22,Finland,true,true
Global Network of People Living with HIV (GNP+),,,,,,Global Network of People Living with HIV (GNP+),NL-KVK-41214768,21,Netherlands,true,true
Traidcraft Exchange,,,,,,Traidcraft Exchange,GB-COH-3031674,21,United Kingdom,true,true
European Commission - Neighbourhood and Enlargement Negotiations,,,,,,European Commission - Neighbourhood and Enlargement Negotiations,XI-IATI-EC_NEAR,15,"Europe, regional",true,true
Internews Europe,,,,,,Internews Europe,GB-CHC-1148404,21,United Kingdom,true,true
HelpAge International UK,,,,,,HelpAge International UK,GB-CHC-1128267-8,22,United Kingdom,true,true
Aga Khan Foundation (United Kingdom),,,,,,Aga Khan Foundation (United Kingdom),GB-COH-1100897,21,United Kingdom,,true
Population Service International,,,,,,Population Service International,21032,21,United States,,true
Other ministries,,,,,,Other ministries,XM-DAC-69-18,,,true,false
ADRA-UK,,,,,,ADRA-UK,GB-CHC-1074937,21,United Kingdom,true,true
Amref Flying Doctors,,,,,,Amref Flying Doctors,NL-KVK-41150298,22,Netherlands,true,true
Caritas International (Belgium),,,,,,Caritas International (Belgium),BE-BCE_KBO-0410644946,22,Belgium,true,true
Global Network of Sex Work Projects (NSWP),,,,,,Global Network of Sex Work Projects (NSWP),GB-COH-SC349355,21,United Kingdom,true,true
MicroLoan Foundation,,,,,,MicroLoan Foundation,GB-CHC-1104287,21,United Kingdom,true,true
Coffey International Development,,,,,,Coffey International Development,GB-COH-3799145,70,United Kingdom,true,true
Royal Society for the Protection of Birds,,,,,,Royal Society for the Protection of Birds,GB-CHC-207076,21,United Kingdom,,true
DAI Europe,,,,,,DAI Europe,GB-COH-1858644,70,United Kingdom,,true
Anti-Slavery International,,,,,,Anti-Slavery International,GB-CHC-1049160,21,United Kingdom,true,true
Stromme Foundation,,,,,,Stromme Foundation,UG-NGB-5914-1107,22,Uganda,true,true
ANDA,,,,,,ANDA,MZ-MOJ-F30G1No89,22,Mozambique,,true
Export-Import bank,,,,,,Export-Import bank,XM-DAC-69-50,,,true,false
Trocaire (Northern Ireland),,,,,,Trocaire (Northern Ireland),GB-COH-NI21482,21,United Kingdom,true,true
Natural Resource Governance Institute,,,,,,Natural Resource Governance Institute,US-EIN-20-4451390,21,United States,true,true
The Leprosy Mission England and Wales,,,,,,The Leprosy Mission England and Wales,GB-CHC-1050327,21,United Kingdom,true,true
Cecily's Fund,,,,,,Cecily's Fund,GB-CHC-1071660,21,United Kingdom,true,true
Hand in Hand International,,,,,,Hand in Hand International,GB-CHC-1113868,21,United Kingdom,true,true
Global Innovation Fund,,,,,,Global Innovation Fund,GB-CHC-1171353,21,United Kingdom,,true
Association for Reproductive and Family Health,,,,,,Association for Reproductive and Family Health,NG-CAC-5938,22,Nigeria,,true
Romania Ministry of Foreign Affairs,,,,,,Romania Ministry of Foreign Affairs,XM-DAC-77,10,Romania,,true
Max Foundation,,,,,,Max Foundation,NL-KVK-34219433,60,Netherlands,,true
Zimmerman & Zimmerman,,,,,,Zimmerman & Zimmerman,NL-KVK-51018586,70,Netherlands,true,true
The Access to Nutrition Foundation,,,,,,The Access to Nutrition Foundation,NL-KVK-58279199,21,Netherlands,,true
