publisherName,publisherType,publisherID,publisherCountry
ACTED,International NGO,FR-SIRET-4028868160030,France
ADD International,International NGO,GB-COH-294860,United Kingdom
ADRA-UK,International NGO,GB-CHC-1074937,United Kingdom
AECOM,Private Sector,GB-COH-01846493,United Kingdom
AFEW International,International NGO,NL-KVK-34148682,Netherlands
AICS - Agenzia Italiana per la Cooperazione allo Sviluppo / Italian Agency for Cooperation and Development,Government,XM-DAC-6-4,Italy
ANDA,National NGO,MZ-MOJ-F30G1No89,Mozambique
APPRO-Europe,"Academic, Training and Research",BE-GTCF-630789842,Belgium
APT Action on Poverty,International NGO,GB-CHC-290836,United Kingdom
ARK (Absolute Return for Kids),International NGO,GB-COH-04589451,United Kingdom
AWEPA,International NGO,NL-KVK-34106722,Netherlands
Aasaman Nepal,National NGO,NP-SWC-27693,Nepal
Abaseen Foundation UK,International NGO,GB-CHC-1157009,United Kingdom
AbleChildAfrica,International NGO,GB-CHC-326859,United Kingdom
Abt Associates Inc,Private Sector,US-EIN-042347643,United States
Acid Survivors Foundation,National NGO,PK-VSWA-511-2007,Pakistan
Across,International NGO,KE-NGC-9381,Kenya
Action Against Hunger,International NGO,GB-CHC-1047501,United Kingdom
ActionAid International,International NGO,NL-KVK-27264198,Netherlands
ActionAid UK,International NGO,GB-CHC-274467,United Kingdom
Adam Smith International,Private Sector,GB-COH-2732176,United Kingdom
Adaptation Fund,Multilateral,47111,United States
Adventist Development and Relief Agency (ADRA Somalia),International NGO,KE-NGC-663,Somalia
Aeras,International NGO,US-EIN-522044704,United States
Afghanaid,International NGO,GB-CHC-1045348,United Kingdom
Afghanistan Public Policy Research Organization (APPRO),"Academic, Training and Research",AF-MOE-1212,Afghanistan
Afghanistan and Central Asian Association,International NGO,GB-CHC-1096908,United Kingdom
AfriKids,International NGO,GB-CHC-1141028,United Kingdom
Africa Educational Trust,International NGO,GB-CHC-313139,United Kingdom
African Centre for Global Health and Social Transformation,International NGO,UG-RSB-73316,Uganda
African Development Bank,Multilateral,46002,"Africa, regional"
African Initiatives,International NGO,GB-CHC-1064413,United Kingdom
Aga Khan Foundation (United Kingdom),International NGO,GB-COH-1100897,United Kingdom
Agence Française de Développement,Other Public Sector,FR-3,France
Agency for Cooperation and Research in Development (ACORD),International NGO,GB-CHC-283302,United Kingdom
AgriProFocus,Foundation,NL-KVK-30204842,Netherlands
Agriterra,National NGO,NL-KVK-41048542,Netherlands
Agência de Desenvolvimento do Vale do Zambeze,Government,XI-IATI-ADVZ,Mozambique
AidData,"Academic, Training and Research",US-501c3-522318905,United States
Aids Fonds - STOP AIDS NOW! - Soa Aids Nederland,International NGO,NL-KVK-41207989,Netherlands
Ajuda de Desenvolvimento de Povo para Povo (ADPP),National NGO,mz-moj-64vq1,Mozambique
Aktis Strategy Ltd,Private Sector,GB-COH-08327972,United Kingdom
Akvo Foundation,International NGO,NL-KVK-27327087,Netherlands
Alcis Holdings Limited,Private Sector,GB-COH-5155300,United Kingdom
Alfalit,National NGO,MZ-MOJ-203D,Mozambique
All We Can (formerly Methodist Relief and Development Fund),International NGO,GB-CHC-291691,United Kingdom
Amnesty International The Netherlands,International NGO,NL-KVK-40530953,Netherlands
Amref Flying Doctors,National NGO,NL-KVK-41150298,Netherlands
Amref Health Africa - UK,International NGO,GB-CHC-261488,United Kingdom
Amref Health Africa Headquarters,International NGO,KE-RCO-C1-61,Kenya
Amref Health Africa Malawi,National NGO,MW-NBM-R1527,Malawi
Amref Health Africa in Ethiopia,International NGO,ET-MFA-0001989741,Ethiopia
Amref Health Africa in Kenya,International NGO,KE-NGCB-93175,Kenya
Amref Health Africa in Uganda,National NGO,UG-NGB-5914-252,Uganda
Anti-Slavery International,International NGO,GB-CHC-1049160,United Kingdom
Aqua for All,Foundation,NL-KVK-27248417,Netherlands
Arab foundation for freedoms and equality,Regional NGO,LB-MOI-18291,Lebanon
Article19,International NGO,GB-CHC-327421,United Kingdom
Asian Development Bank,Multilateral,46004,"Asia, regional"
Association for Progressive Communication,International NGO,US-EIN-943287156,United States
Association for Reproductive and Family Health,National NGO,NG-CAC-5938,Nigeria
Association for Women's Rights in Development (AWID),International NGO,US-EIN-521291786,United States
Atos IT Services Ltd,Private Sector,GB-COH-01245534,United Kingdom
Australia - Department of  Foreign Affairs and Trade,Government,AU-5,Australia
Avocats Sans Frontières,International NGO,BE-BCE-0447404580,Belgium
BBC Media Action,International NGO,GB-CHC-1076235,United Kingdom
BRAC International,International NGO,NL-CCI-20081098,Netherlands
BSR,International NGO,US-EIN-52-1764268,United States
Backward Society Education (BASE),National NGO,NP-DAO-DANG-18-046/47,Nepal
BasicNeeds,International NGO,GB-CHC-1079599,United Kingdom
Baylor College of Medicine Children's Foundation Malawi,National NGO,MW-CNM-BCM_CF,Malawi
Bees Abroad UK,International NGO,GB-CHC-1108464,United Kingdom
Bees for Development Trust,International NGO,GB-CHC-1078803,United Kingdom
Belgian Development Cooperation,Government,XM-DAC-2-10,Belgium
Belgian development agency (BTC),Government,BE-BCE_KBO-0264814354,Belgium
Bill & Melinda Gates Foundation,Foundation,DAC-1601,United States
Bioclimate Research and Development,International NGO,GB-SC-044007,United Kingdom
Blue Ventures Conservation,International NGO,GB-CC-1098893,United Kingdom
Bond,National NGO,GB-CHC-1068839,United Kingdom
Both ENDS,National NGO,NL-KVK-41210098,Netherlands
British Red Cross,International NGO,GB-CHC-220949,United Kingdom
Build Africa,International NGO,GB-CHC-298316,United Kingdom
Burns Violence Survivors - Nepal,National NGO,NP-SWC-27288,Nepal
CABI,Multilateral,XI-IATI-CABI,United Kingdom
CARE International UK,International NGO,GB-1-202615,United Kingdom
CARE Nederland,International NGO,NL-KVK-41158230,Netherlands
CDA Collaborative Learning Projects,International NGO,US-IRS-562339052,United States
CDC Group plc,Other Public Sector,GB-COH-03877777,United Kingdom
CHOICE for Youth and Sexuality,International NGO,NL-KVK-32108345,Netherlands
CIFAL Scotland,"Academic, Training and Research",GB-SC-037597,United Kingdom
CNV Internationaal,National NGO,NL-KvK-54436222-27541,Netherlands
COC Nederland,National NGO,NL-KVK-40530156,Netherlands
CODA International,International NGO,GB-CHC-1000717,United Kingdom
CRANE,National NGO,UG-NGB-5914-9186,Uganda
CREA USA,International NGO,US-EIN-31-1812979,India
CUAMM Trustees,National NGO,TN-TIN-102123727,"Tanzania, United Republic Of"
Camfed International,International NGO,GB-CHC-1029161,United Kingdom
Canada - Global Affairs Canada | Affaires mondiales Canada,Government,CA-3,Canada
Canada - International Development Research Centre/Centre de recherches pour le développement international,Other Public Sector,XM-DAC-301-2,Canada
Canada Department of Finance / Ministère des Finances Canada,Government,CA-4,Canada
Canon Collins Trust,International NGO,GB-CHC-1102028,United Kingdom
Cardno Emerging Markets,Private Sector,GB-COH-05543952,United Kingdom
Carers Worldwide,International NGO,GB-CHC-1150214,United Kingdom
Caritas Denmark,National NGO,DK-CVR-29439915,Denmark
Caritas Finland,National NGO,FI-PRO-139407,Finland
Caritas International (Belgium),National NGO,BE-BCE_KBO-0410644946,Belgium
Catholic Agency For Overseas Development (CAFOD),International NGO,GB-CHC-285776,United Kingdom
Catholic Relief Services,International NGO,US-EIN-13-5563422,United States
Cecily's Fund,International NGO,GB-CHC-1071660,United Kingdom
Centre For Citizens With Disabilities,National NGO,NG-CAC-IT-23286,Nigeria
Centre for Economic Policy Research,National NGO,GB-CHC-287287,United Kingdom
Centre for Indian Knowledge Systems,"Academic, Training and Research",ciks,India
Charity Projects Ltd (Comic Relief),Foundation,GB-CHC-326568,United Kingdom
Child-to-Child,International NGO,GB-CHC-1152010,United Kingdom
ChildFund International,International NGO,US-EIN-54-0536100,United States
ChildHope UK,International NGO,GB-CHC-328434,United Kingdom
Children in Crisis,International NGO,GB-CHC-1020488,United Kingdom
Christian Aid,International NGO,GB-CHC-1105851,United Kingdom
Christian Aid Ireland,International NGO,IE-CHY-6998,Ireland
Christian Engineers in Development,International NGO,GB-CHC-293734,United Kingdom
Clean Clothes Campaign,International NGO,NL-KVK-41210820,Netherlands
Climate Investment Funds,Multilateral,47135,"Bilateral, unspecified"
Coffey International Development,Private Sector,GB-COH-3799145,United Kingdom
ColaLife,National NGO,GB-CHC-1142516,United Kingdom
Concern Worldwide UK,International NGO,GB-CHC-1092236,United Kingdom
Conciliation Resources,International NGO,GB-CHC-1055436,United Kingdom
Conflict Dynamics International,International NGO,US-EIN-56-2460366,United States
Cord,Regional NGO,GB-CHC-1070684,United Kingdom
Cordaid,International NGO,NL-KVK-41160054,Netherlands
Crown Agents Limited,Private Sector,GB-COH-03259922,United Kingdom
Cyan International,International NGO,GB-CHC-1129603,United Kingdom
DAI Europe,Private Sector,GB-COH-1858644,United Kingdom
DECP,National NGO,NL-KVK-27284008,Netherlands
DNH Mali (Direction Nationale de l’Hydraulique du Mali),Government,ML-NIF-400100027H,Mali
DanChurchAid,International NGO,DK-CVR-36980214,Denmark
Defence for Children International Netherlands - ECPAT Netherlands,National NGO,NL-KVK-41208813,Netherlands
Delivery Associates Ltd,Private Sector,GB-COH-08333641,United Kingdom
Denmark - Danida - Danish Ministry of Foreigh Affairs,Government,DK-1,Denmark
Desmond Tutu HIV Foundation,"Academic, Training and Research",ZA-ROC-1999/05072/08,South Africa
Development Aid from People to People (DAPP) Malawi,National NGO,GPAF-IMP-031,Malawi
Development Initiatives Poverty Research,International NGO,GB-COH-06368740,United Kingdom
Developments In Literacy Trust UK,International NGO,GB-CHC-1122924,United Kingdom
Digital Campus,"Academic, Training and Research",GB-COH-07629751,United Kingdom
Disability Rights Advocacy Fund,Foundation,US-EIN-27-5026463,United States
Disability Rights Fund,International NGO,US-EIN-27-5026293,United States
Disability and Development Partners,International NGO,GB-CHC-1046001,United Kingdom
Disasters Emergency Committee,National NGO,GB-CHC-1062638,United Kingdom
"Discovery Learning Alliance, Inc.",International NGO,US-EIN-522043740,United States
Doctors of the World UK,International NGO,GB-CHC-1067406,United Kingdom
Dorcas Aid International,International NGO,NL-KVK-41236410,Netherlands
Dóchas - Irish Association of Non Governmental Development Organisations,National NGO,IE-CHY-6410,Ireland
EMMS International,International NGO,GB-OSCR-SC032327,United Kingdom
Ecorys UK,Private Sector,GB-COH-01650169,United Kingdom
Education Development Trust,International NGO,KE-KROS-270901,Kenya
Emmanuel International UK,International NGO,GB-CHC-289036,United Kingdom
Engineers Without Borders Canada,International NGO,CA-CRA-89980-1815-RR0001,Canada
Enhanced Integrated Framework,Multilateral,XM-DAC-1409,Switzerland
Ethical Trading Initiative,International NGO,GB-COH-3578127,United Kingdom
European Bank for Reconstruction and Development,Multilateral,XI-IATI-EBRD,"Bilateral, unspecified"
European Commission - Development and Cooperation-EuropeAid,Other Public Sector,XI-IATI-EC_DEVCO,"Europe, regional"
European Commission - Humanitarian Aid & Civil Protection,Other Public Sector,XI-IATI-EC_ECHO,"Europe, regional"
European Commission - Neighbourhood and Enlargement Negotiations,Other Public Sector,XI-IATI-EC_NEAR,"Europe, regional"
European Commission - Service for Foreign Policy Instruments,Other Public Sector,XI-IATI-EC_FPI,"Europe, regional"
European Institute of Peace,Other Public Sector,BE-BCE_KBO- 0550758080,Belgium
European Investment Bank,Multilateral,XM-DAC-918-3,"Europe, regional"
European Journalism Centre,National NGO,NL-KVK-41078390,Netherlands
EveryChild,International NGO,GB-CHC-1089879,United Kingdom
Excellent Development,International NGO,GB-CHC-1094478,United Kingdom
Exeter Ethiopia Link,International NGO,GB-CHC-1154085,United Kingdom
FMO,Public Private Partnership,NL-KVK-27078545,Netherlands
FRANK Water,International NGO,GB-CHC-1121273,United Kingdom
Fair Wear Foundation,International NGO,NL-KVK-34111374,Netherlands
Fairfood International,National NGO,NL-KVK-34141098,Netherlands
Fairtrade Labelling Organizations International e.V.,International NGO,DE-AG-VR7795,Germany
Family Aids Caring Trust,National NGO,ZW-ES12-WO17/89,Zimbabwe
Farm Africa,International NGO,GB-COH-01926828,United Kingdom
Fauna & Flora International,International NGO,GB-COH-0277068,United Kingdom
Feed the Minds,International NGO,GB-CHC-291333,United Kingdom
Find Your Feet,International NGO,GB-CHC-250456,United Kingdom
Finland - Ministry of Foreign Affairs,Government,FI-3,Finland
Fondo Centroamericano de Mujeres,Foundation,NI-MIGOB-3602,Nicaragua
Food and Agriculture Organization of the United Nations (FAO),Multilateral,XM-DAC-41301,(No country assigned)
Food for the Hungry UK,International NGO,GB-CHC-328273,United Kingdom
Forests Monitor,International NGO,GB-COH-3008440,United Kingdom
France - Ministry for Europe and Foreign Affairs,Government,FR-6,France
Free Press Unlimited,International NGO,NL-KVK-52957535,Netherlands
Free a Girl,Foundation,NL-KVK-34308169,Netherlands
Freedom Forum,National NGO,NP-DAO-27-127/062/063,Nepal
Friends of Kipkelion,Regional NGO,GB-CHC-1142476,Kenya
Friends of Publish What You Fund,International NGO,US-EIN-47-4128047,United States
"Friends of the Earth England, Wales and Northern Ireland",National NGO,GB-CHC-281681,United Kingdom
Friends of the Earth International,International NGO,NL-KVK-40535338,Netherlands
Friends of the Earth-Ghana,National NGO,GH-DSW-258,Ghana
GAVI Alliance,Public Private Partnership,47122,Switzerland
GEMS Education Solutions,Private Sector,GB-COH-07669775,Ghana
GOAL,International NGO,CHY6271,Ireland
GPPAC Foundation,International NGO,NL-KVK-41217404,Netherlands
Gender Links,Regional NGO,ZA-CIPC-2001/005850/08,South Africa
Germany - Ministry for Economic Cooperation and Development,Government,DE-1,Germany
Girls’ Education Challenge – Fund Manager PwC,Private Sector,GB-COH-03580586-GEC,United Kingdom
Giro555 (Stichting Samenwerkende Hulporganisaties),International NGO,NL-KVK-27302841,Netherlands
Global Action Nepal,National NGO,NP-SWC-13712,Nepal
Global Alliance for TB Drug Development,"Academic, Training and Research",US-EIN-13-4128413,United States
Global Innovation Fund,International NGO,GB-CHC-1171353,United Kingdom
Global Network of People Living with HIV (GNP+),International NGO,NL-KVK-41214768,Netherlands
Global Network of Sex Work Projects (NSWP),International NGO,GB-COH-SC349355,United Kingdom
Global Partnership for Education,Multilateral,XM-DAC-47501,United States
GlobalGiving.org,International NGO,US-EIN-300108263,United States
Grow Movement,"Academic, Training and Research",GB-CHC-1139083,United Kingdom
HE Foundation,Foundation,NL-KVK-58183167,Netherlands
HTSPE,Private Sector,GB-COH-06407873,United Kingdom
Hagar International UK,International NGO,GB-CHC-1143852,United Kingdom
Haiti Hospital Appeal,International NGO,GB-CHC-1117528,United Kingdom
Hand in Hand International,International NGO,GB-CHC-1113868,United Kingdom
Handicap International,International NGO,FR-PDR-W691075333,France
Health Partners International,Private Sector,GB-COH-03054929,(No country assigned)
Health Poverty Action,International NGO,GB-CHC-1837621,United Kingdom
HealthNet TPO,International NGO,NL-KVK-41211943,Netherlands
HealthProm,International NGO,GB-COH-4887855,United Kingdom
Heifer International South Africa,National NGO,ZA-NPO-013484,South Africa
Heifer Nederland,National NGO,NL-KVK-20093733,Netherlands
HelpAge International,International NGO,GB-COH-1762840,United Kingdom
HelpAge International UK,National NGO,GB-CHC-1128267-8,United Kingdom
Helvetas Swiss Intercooperation,International NGO,CH-FDJP-CHE-105.834.763,Switzerland
HiiL innovating Justice,Foundation,NL-KVK-27290536,Netherlands
Hilfswerk Austria Zimbabwe,International NGO,XI-IATI-035026724,Zimbabwe
Hivos,International NGO,NL-KVK-41198677,Netherlands
Homeless International,International NGO,GB-CHC-1017255,United Kingdom
Hope and Homes for Children,International NGO,GB-CHC-1089490,United Kingdom
Hospice Africa Ltd,"Academic, Training and Research",GB-CHC-1024903,United Kingdom
I Choose Life Africa,National NGO,KE-NGC-3372,Kenya
ICA:UK,National NGO,GB-CHC-1090745,United Kingdom
ICCO Cooperation,International NGO,NL-KVK-56484038,Netherlands
ICS,International NGO,NL-KVK-41188664,Netherlands
"IDH, the Sustainable Trade Initiative",International NGO,NL-KVK-53521129,Netherlands
IHE Delft Institute for Water Education,"Academic, Training and Research",NL-KVK-41146484,Netherlands
IMC WORLDWIDE,Private Sector,GB-COH-02651349,United Kingdom
IOD PARC,Private Sector,GB-COH-03613839,United Kingdom
IRC,International NGO,NL-KVK-41151952,Netherlands
IUCN Nederlands Comité,International NGO,NL-KVK-41180885,Netherlands
Indigo Trust,Foundation,GB-CHC-1075920,United Kingdom
Institute of Development Studies,"Academic, Training and Research",GB-COH-877338,United Kingdom
Integrity Action,International NGO,GB-COH-4884328,United Kingdom
Inter-American Development Bank,Multilateral,XI-IATI-IADB,"America, regional"
InterAction,International NGO,US-EIN-13-3287064,United States
InterAction's NGO Aid Map,International NGO,US-EIN-13-3287064NAM,United States
InterClimate Network,International NGO,GB-COH-06587734,United Kingdom
Interact Worldwide,International NGO,GB-CHC-1001698,United Kingdom
International Alert,International NGO,GB-COH-2153193,United Kingdom
International Climate Initiative / BMUB Programmbuero IKI,Government,XI-IATI-IKI,Germany
International Development Law Organization,Multilateral,XM-DAC-47059,Italy
International Finance Corporation,Multilateral,XM-DAC-903,United States
International Fund for Agricultural Development,Multilateral,XM-DAC-41108,(No country assigned)
International HIV/AIDS Alliance,International NGO,GB-CHC-1038860,United Kingdom
International IDEA,International NGO,XM-DAC-47058,Sweden
International Labour Organization,Multilateral,XM-DAC-41302,Switzerland
International Medical Corps UK,International NGO,GB-CHC-1093861,United Kingdom
International Network for Bamboo and Rattan (INBAR),Multilateral,XM-DAC-47064,(No country assigned)
International Network of People who Use Drugs (INPUD),International NGO,GB-COH-08828458,United Kingdom
International Planned Parenthood Federation,International NGO,GB-CHC-229476,United Kingdom
International Procurement Agency,Private Sector,NL-KVK-32037590,Netherlands
International Rescue Committee UK,International NGO,GB-CHC-1065972,United Kingdom
International Treatment Preparedness Coalition (ITPC),International NGO,BW-CIPA-CO20151011,Botswana
International Union for Conservation of Nature and Natural Resources,Other Public Sector,XM-DAC-30011,Switzerland
International Women's Development Agency,International NGO,AU-ACNC-19242959685,Australia
Internews Europe,International NGO,GB-CHC-1148404,United Kingdom
IntraHealth International,International NGO,US-EIN-550825466,United States
Ireland - Department of Foreign Affairs and Trade,Government,XM-DAC-21-1,Ireland
Islamic Relief Worldwide,International NGO,GB-CHC-328158,United Kingdom
Itad,Private Sector,GB-COH-1869600,United Kingdom
Japan International Cooperation Agency (JICA),Government,XM-DAC-701-8,Japan
Jeevika Trust,International NGO,GB-CHC-291167,United Kingdom
Just Associates,International NGO,US-EIN-06-1597-668,United States
KPMG East Africa,Private Sector,TZ-BRLA-36057,Kenya
KPMG LLP,Private Sector,GB-COH-OC301540,United Kingdom
Karuna Trust,International NGO,GB-CHC-327461,United Kingdom
Kepa ry,National NGO,FI-PRO-143138,Finland
KwaAfrica,International NGO,GB-CHC-1054369,United Kingdom
LAMB Health Care Foundation,National NGO,GB-CHC-1101217,United Kingdom
LEAD International,International NGO,GB-COH-4075590,United Kingdom
Landell Mills,Private Sector,GB-COH-1574821,United Kingdom
Learning for Life,International NGO,GB-CHC-1105277,United Kingdom
Leonard Cheshire Disability,International NGO,GB-CHC-218186,United Kingdom
Lepra,International NGO,GB-CHC-213251,United Kingdom
Link Community Development International,International NGO,GB-CHC-1048007,United Kingdom
Link Community Development Scotland,International NGO,GB-SC-SC037959,United Kingdom
"Lithuania, Ministry of Foreign Affairs",Government,XM-DAC-84,Lithuania
Lively Minds,International NGO,GB-CHC-1125512,United Kingdom
Living Earth Foundation,International NGO,GB-CHC-800672,United Kingdom
Local Development and Small Projects Support,National NGO,TR-MOI-27-018-163,Turkey
MADE in Europe,International NGO,GB-COH-1134415,United Kingdom
MAG,International NGO,GB-CHC-1083008,United Kingdom
MAMTA - Health Institute for Mother and Child,National NGO,IN-,India
MICAIA,International NGO,GB-CHC-1120413,United Kingdom
MVO Nederland,Other Public Sector,NL-KVK-30195730,Netherlands
Magariro,National NGO,MZ-MOJ-F2G1No4,Mozambique
Mainline,Foundation,NL-KVK-41209946,Netherlands
Malaria Consortium,International NGO,GB-CHC-1099776,United Kingdom
Mama Cash,Foundation,NL-KVK-41202535,Netherlands
MannionDaniels,Private Sector,GB-COH-04105827,United Kingdom
MapAction,International NGO,GB-CHC-1126727,United Kingdom
Marie Stopes International,International NGO,GB-COH-1102208,United Kingdom
Max Foundation,Foundation,NL-KVK-34219433,Netherlands
Maxwell Stamp PLC,Private Sector,GB-COH-00637978,United Kingdom
McKinsey & Company,Private Sector,GB-COH-FC012665,(No country assigned)
"Medical Research Centre (MRC), Sierra Leone",National NGO,SL-NRA-1001562-8,Sierra Leone
Meningitis Research Foundation,International NGO,GB-CHC-1091105,United Kingdom
Mensen met een Missie,National NGO,MM,Netherlands
Mercy Corps Europe,International NGO,GB-SC-SC030289,United Kingdom
Micro Insurance Academy,"Academic, Training and Research",IN-ITA-1886,India
MicroLoan Foundation,International NGO,GB-CHC-1104287,United Kingdom
Mifumi UK,International NGO,GB-CHC-1038785,United Kingdom
Milieudefensie,National NGO,NL-KVK-40530467,Netherlands
Ministry of Foreign and European Affairs of the Slovak Republic,Government,XM-DAC-69-1,Slovakia
Ministère de l'Economie et des Finances du Bénin,Government,XM-DAC-236,Benin
Mondiaal FNV,National NGO,NL-KvK-41177601,Netherlands
Motivation,International NGO,GB-CHC-1079358,United Kingdom
Mott MacDonald Limited,Private Sector,GB-COH-1110949,United Kingdom
Mulanje Mission Hospital,National NGO,MW-MRA-20125995,Malawi
Muslim Aid,International NGO,GB-CHC-295224,United Kingdom
NGO Federation of Nepal,National NGO,NP-DAO-27-689/063/064,Nepal
Nathan Associates London Ltd.,Private Sector,GB-COH-02768268,United Kingdom
Natural Resource Governance Institute,International NGO,US-EIN-20-4451390,United States
"Natural Resources Institute, University of Greenwich.","Academic, Training and Research",GB-COH-00986729,United Kingdom
Near East Foundation (NEF USA),International NGO,US-EIN-13-1624114,United States
Netherlands - Ministry of Foreign Affairs,Government,XM-DAC-7,Netherlands
Netherlands Enterprise Agency,Government,NL-KVK-27378529,Netherlands
Netherlands Institute for Multiparty Democracy (NIMD),International NGO,NL-KVK-27189542,Netherlands
Netherlands Red Cross,International NGO,NL-KVK-40409352,Netherlands
Network for Africa,International NGO,GB-CHC-1120932,United Kingdom
Network of International Development Organisations in Scotland,Regional NGO,GB-SC-035314,United Kingdom
New Zealand - Ministry of Foreign Affairs and Trade - New Zealand Aid Programme,Government,NZ-1,New Zealand
Norad - Norwegian Agency for Development Cooperation,Government,NO-BRC-971277882,Norway
Norwegian People's Aid,International NGO,NO-BRC-871033552,Norway
Norwegian Refugee Council,International NGO,NO-BRC-977538319,Norway
OCHA Financial Tracking Service,Multilateral,XM-OCHA-FTS,"Bilateral, unspecified"
Omidyar Network Fund Inc.,Foundation,US-EIN-20-1173866,United States
One Acre Fund,International NGO,US-DOS-64562614,(No country assigned)
One to One Children's Fund,International NGO,GB-CHC-1086159,United Kingdom
Opportunity International UK,International NGO,GB-COH-05322719,United Kingdom
Options Consultancy Services,Private Sector,GB-COH-2695347,United Kingdom
Orbis Charitable Trust,International NGO,GB-CHC-1061352,United Kingdom
Oxfam GB,International NGO,GB-CHC-202918,United Kingdom
Oxfam IBIS,International NGO,DK-CVR-88136411,Denmark
Oxfam India,National NGO,IN-MCA-U74999DL2004NPL131340,India
Oxfam Novib,International NGO,NL-KVK-27108436,Netherlands
Oxford Policy Management,Private Sector,GB-COH-3122495,United Kingdom
PAX,International NGO,NL-KVK-30214009,Netherlands
PEAS (Promoting Equality in African Schools),International NGO,GB-CHC-1126550,United Kingdom
PHASE Nepal,National NGO,NP-DAO-531/062/063,Nepal
PHASE Worldwide,International NGO,GB-CHC-1112734,United Kingdom
PONT,International NGO,GB-CHC-1125948,United Kingdom
PUM Netherlands,International NGO,NL-KVK-41160229,Netherlands
Pact,International NGO,US-EIN-13-2702768,United States
Palladium International Ltd (UK),Private Sector,GB-COH-02394229,United Kingdom
Palliative Care Support Trust,National NGO,MW-RG-2977,Malawi
Penal Reform International,International NGO,GB-COH-04154075,United Kingdom
People In Aid,International NGO,GB-CHC-1078768,United Kingdom
People in Need,International NGO,CZ-ICO-25755277,Czech Republic
Plan International Finland,International NGO,FI-PRO-1498487-2,Finland
Plan International UK,International NGO,GB-COH-1364201,United Kingdom
Plan International USA,International NGO,US-IRS-13-5661832,United States
Plan Ireland Charitable Assistance Limited,International NGO,IE-CHY-15037,Ireland
Plan Nederland,International NGO,NL-KVK-41198890,Netherlands
Pontis Foundation,Foundation,SK-ZRSR-31784828,Slovakia
Population Service International,International NGO,21032,United States
Power International,International NGO,GB-CHC-1059996,United Kingdom
Practical Action,International NGO,GB-COH-871954,United Kingdom
Pragya India,National NGO,IN-AR-775,India
Private Infrastructure Development Group,Multilateral,XM-DAC-47086,United Kingdom
Progressio,International NGO,GB-CHC-294329,United Kingdom
Project Harar,International NGO,GB-CHC-1094272,United Kingdom
Promundo-US,International NGO,US-EIN-26-1931968,United States
Protecting Families Against HIV/AIDS,National NGO,UG-NGB-63360,Uganda
Publish What You Fund,International NGO,GB-COH-07676886,United Kingdom
Pump Aid,International NGO,GB-CHC-1077889,United Kingdom
PwC,Private Sector,GB-COH-03580586,United Kingdom
RAIN Foundation,International NGO,NL-KVK-34200988,Netherlands
Rahnuma-Family Planning Assocation of Pakistan,National NGO,PK-MSW-633-1965,Pakistan
Railway Children,International NGO,GB-CHC-1058991,United Kingdom
Rainforest Foundation UK,International NGO,GB-CHC-1138287,United Kingdom
Red Cross Red Crescent Climate Centre,International NGO,NL-KVK-27267681,Netherlands
Relief International UK,International NGO,GB-CHC-1098106,United Kingdom
Republic of Korea,Government,KR-GOV-021,"Korea, Republic Of"
Resource Extraction Monitoring,International NGO,GB-COH-4905100,United Kingdom
Restless Development,International NGO,GB-CHC-1127488,United Kingdom
Retrak,International NGO,GB-CHC-1122799,United Kingdom
Rojiroti UK,International NGO,GB-CHC-1147083,United Kingdom
Romania Ministry of Foreign Affairs,Government,XM-DAC-77,Romania
Royal Society for the Protection of Birds,International NGO,GB-CHC-207076,United Kingdom
Royal Tropical Institute,International NGO,NL-KVK-33185213,Netherlands
Rutgers,International NGO,NL-KVK-41193594,Netherlands
SECOURS CATHOLIQUE - CARITAS FRANCE,International NGO,FR-SIRET-77566669600015,France
SNV Netherlands Development Organisation,International NGO,NL-KVK-41152786,Netherlands
SOS Children's Villages Kenya,International NGO,KE-NGCB-149,Kenya
SOS Children's Villages The Netherlands,Foundation,NL-KVK-41197577,Netherlands
SOS Sahel International UK,International NGO,GB-COH-2100867,United Kingdom
SPARK,International NGO,NL-KVK-41213450,Netherlands
Saferworld,International NGO,GB-CHC-1043843,United Kingdom
Samaritan's Purse UK,International NGO,GB-CHC-1001349,United Kingdom
Save the Children Netherlands,International NGO,NL-KVK-41201463,Netherlands
Save the Children UK,International NGO,GB-COH-213890,United Kingdom
Scottish Catholic International Aid Fund (SCIAF),International NGO,GB-SC-SC012302,United Kingdom
Self Help Africa,International NGO,IE-CHY-6663,Ireland
Send a Cow,International NGO,GB-CHC-299717,United Kingdom
Send a Cow Uganda,National NGO,SACU,Uganda
Sense International,International NGO,GB-CHC-1076497,United Kingdom
ShelterBox,International NGO,GB-CHC-1096479,United Kingdom
Shtrii Shakti,National NGO,NP-SWC-00589,Nepal
Sightsavers,International NGO,GB-CHC-207544,United Kingdom
Signal,International NGO,GB-CHC-1151615,United Kingdom
Simavi,Foundation,NL-KVK-40594571,Netherlands
Simprints,International NGO,GB-COH-8835431,United Kingdom
Social Impact Lab CIC,International NGO,GB-COH-7557881,United Kingdom
Société Nationale des eaux du Bénin (SONEB),Other Public Sector,BJ-IFU-3200700033415,Benin
Solidaridad,International NGO,NL-KVK-51756811,Netherlands
Sonke Gender Justice,International NGO,ZA-PBO-064-502,South Africa
Sound Seekers Limited,International NGO,GB-COH-04354941,United Kingdom
Southern African Catholic Bishops' Conference Aids Office,Regional NGO,ZA-NPO-061-870,South Africa
Spain - Ministry of Foreign Affairs and Cooperation,Government,ES-DIR3-E04585801,Spain
Stars Foundation,Foundation,GB-CHC-1087997,United Kingdom
Stichting ActionAId,International NGO,NL-KVK-41217595,Netherlands
Stichting Aflatoun International,International NGO,NL-KVK-34229026,Netherlands
Stichting Health Action International,Foundation,NL-KVK-41207580,Netherlands
Stichting Humana,International NGO,NL-KVK-30285304,Netherlands
Stichting Kinderpostzegels Nederland,International NGO,NL-SKN-41167934,Netherlands
Stichting Mayday Rescue Foundation,Foundation,NL-KVK-855689493,Netherlands
Stichting Nederlands Instituut voor Internationale Betrekkingen 'Clingendael',"Academic, Training and Research",NL-KVK-41152832,Netherlands
Stichting Onderzoek Multinationale Ondernemingen (SOMO),"Academic, Training and Research",NL-KVK-41223308,Netherlands
Stichting Red een Kind,International NGO,NL-KVK-41022454,Netherlands
Stichting Tosangana,National NGO,NL-KVK-27285408-6,Netherlands
Stichting Vluchteling,International NGO,NL-KVK-41149486,Netherlands
Stichting Woord en Daad,International NGO,NL-KVK-41118168,Netherlands
Stichting fondsbeheer DGGF lokaal MKB,Foundation,NL-KVK-61172863,Netherlands
Street Child,International NGO,GB-CHC-1128536,United Kingdom
StreetInvest,International NGO,GB-CHC-1127206,United Kingdom
Stromme Foundation,National NGO,UG-NGB-5914-1107,Uganda
Support Trust for Africa Development (STAD),International NGO,NL-KVK-27251823,Netherlands
Survivors Fund (SURF),International NGO,GB-CHC-1065705,United Kingdom
"Sweden, through Swedish International Development Cooperation Agency (Sida)",Government,SE-0,Sweden
Switzerland - Swiss Agency for Development and Cooperation (SDC),Government,CH-4,Switzerland
Sympany+,International NGO,NL-KVK-30285304,Netherlands
TB Alert,International NGO,GB-CHC-1071886,United Kingdom
TEAR fund Nederland,National NGO,NL-KVK-41177385,Netherlands
Target TB,International NGO,GB-CHC-1098752,United Kingdom
Teach A Man To Fish,International NGO,GB-CHC-1112699,United Kingdom
Tearfund,International NGO,GB-CHC-265464,United Kingdom
TechnoServe,International NGO,US-EIN-13-2626135,United States
Terre des Hommes Netherlands,International NGO,NL-KVK-41149287,Netherlands
The Access to Nutrition Foundation,International NGO,NL-KVK-58279199,Netherlands
The Asia Foundation,International NGO,US-EIN-941191246,United States
The Coca-Cola Export Corporation,Private Sector,XI-IATI-1001,United States
The Convention on Business Integrity,International NGO,cbi-nigeria,Nigeria
The Foundation Center,International NGO,US-EIN-131837418,United States
The Freedom Fund,International NGO,GB-COH-1158838,United Kingdom
The Global Alliance for Improved Nutrition,International NGO,30001,Switzerland
"The Global Fund to Fight AIDS, Tuberculosis and Malaria",Multilateral,47045,Switzerland
The HALO Trust,International NGO,halo,United Kingdom
The International Children's Trust,International NGO,GB-CHC-254781,United Kingdom
The Joint United Nations Programme on HIV and AIDS (UNAIDS) Secretariat,Multilateral,XM-DAC-41110,Switzerland
The Leprosy Mission England and Wales,International NGO,GB-CHC-1050327,United Kingdom
The National Association of Municipalities of Benin (ANCB),National NGO,BJ-IFU-6201408024805,Benin
The OPEC Fund for International Development (OFID),Multilateral,XI-IATI-OFID,Austria
The Open University,"Academic, Training and Research",GB-CHC-000391,United Kingdom
The Queen Elizabeth Diamond Jubilee Trust,Foundation,GB-CHC-1145640,United Kingdom
The Sabre Charitable Trust,International NGO,GB-CHC-1105489,United Kingdom
The Salvation Army International Development UK,International NGO,GB-CHC-214779,United Kingdom
The William and Flora Hewlett Foundation,Foundation,US-EIN-941655673,United States
The World Bank,Multilateral,44000,"Bilateral, unspecified"
Theatre for a Change Malawi,National NGO,MW-NBM-00139,Malawi
Theatre for a Change UK,International NGO,GB-CHC-1104458,United Kingdom
TradeMark East Africa,Regional NGO,KE-RCO-CPR/2009/5689,Kenya
Traidcraft Exchange,International NGO,GB-COH-3031674,United Kingdom
Transnational Institute,Foundation,NL-KVK-41201806,Netherlands
Transparency International Bangladesh,National NGO,BD-NAB-1301,Bangladesh
Transparency International Secretariat,International NGO,21033,Germany
Trianglen,National NGO,DK-CVR-33985339,Denmark
Triple Line,Private Sector,GB-COH-03788027,United Kingdom
Trocaire (Northern Ireland),International NGO,GB-COH-NI21482,United Kingdom
Tropenbos International,International NGO,tbi,Netherlands
Trust for Africa's Orphans,International NGO,GB-CHC-1069208,United Kingdom
Twaweza,Regional NGO,TZ-BRE-63966,"Tanzania, United Republic Of"
Twin,International NGO,GB-CHC-291824,United Kingdom
"UK - Department for Environment, Food and Rural Affairs",Government,GB-7,United Kingdom
UK - Department for International Development (DFID),Government,GB-GOV-1,United Kingdom
UK - Department for Work and Pensions,Government,GB-9,United Kingdom
UK - Department of Energy and Climate Change,Government,GB-4,United Kingdom
UK - Department of Health (DH),Government,GB-GOV-10,United Kingdom
UK - Foreign & Commonwealth Office,Government,GB-GOV-3,United Kingdom
UK - Home Office,Government,GB-6,United Kingdom
UK - Medical Research Council,Government,GB-COH-RC000346,United Kingdom
UK - Ministry of Defence,Government,GB-GOV-8,United Kingdom
UK - Scottish Government,Government,GB-GOV-21,United Kingdom
UK - Welsh Government's Wales for Africa Programme,Government,XM-DAC-12-22,United Kingdom
UN Pooled Funds,Multilateral,XI-IATI-UNPF,(No country assigned)
UN Women,Multilateral,XM-DAC-411124,(No country assigned)
UN-Habitat,Multilateral,41120,"Bilateral, unspecified"
UNITAID,Multilateral,XM-DAC-30010,(No country assigned)
UTZ,International NGO,NL-KVK-34159275,Netherlands
Union of Agricultural Work Committees,National NGO,PS-MOI-RA-22220-A,"Palestinian Territory, Occupied"
United Mission to Nepal,International NGO,XI-IATI-1002,Nepal
United Nations Capital Development Fund,Multilateral,41111,United States
United Nations Central Emergency Response Fund (CERF),Multilateral,XM-OCHA-CERF,United States
United Nations Children's Fund (UNICEF),Multilateral,41122,"Bilateral, unspecified"
United Nations Development Programme (UNDP),Multilateral,XM-DAC-41114,(No country assigned)
"United Nations Educational, Scientific and Cultural Organization (UNESCO)",Multilateral,41304,France
United Nations Office for Project Services (UNOPS),Multilateral,41AAA,"Bilateral, unspecified"
United Nations Office for the Coordination of Humanitarian Affairs (OCHA),Multilateral,XM-DAC-41127,Switzerland
United Nations Population Fund,Multilateral,41119,"Bilateral, unspecified"
United Nations World Food Programme (WFP),Multilateral,XM-DAC-41140,Italy
United Purpose,International NGO,GB-CHC-272465,United Kingdom
United States,Government,US-USAGOV,United States
United States Agency for International Development (USAID),Government,US-GOV-1,United States
United Work,National NGO,NL-KVK-67143555,Netherlands
Upper Quartile,Private Sector,GB-COH-SC301345,United Kingdom
Urgent Action Fund Latin America and the Caribbean,Regional NGO,CO-CCB-00159397,Colombia
Urgent Action Fund for Women's Human Rights,International NGO,US-EIN-03-0419743,United States
Urgent Action Fund-Africa,Regional NGO,KE-NCB-200201282375,Kenya
Varkey Foundation,International NGO,GB-CHC-1145119,Ghana
Vision Aid Overseas,International NGO,GB-CHC-1081695,United Kingdom
Vision for a Nation Foundation,International NGO,GB-CHC-1140123,United Kingdom
Viva,International NGO,GB-CHC-1053389,United Kingdom
Voluntary Service Overseas (VSO),International NGO,GB-CHC-313757,United Kingdom
WASH Alliance International,International NGO,XI-IATI-WAI,Netherlands
WASTE advisers on urban environment and development,Foundation,NL-KVK-41172933,Netherlands
WNF Wereld Natuur Fonds,International NGO,NL-KVK-41177588,Netherlands
"WO=MEN, Dutch Gender Platform",National NGO,NL-KVK-27293385,Netherlands
WWF-UK,International NGO,GB-COH-1081247,United Kingdom
WYG International,Private Sector,GB-COH-3195485,United Kingdom
Wageningen University & Research - Stichting Wageningen Research,"Academic, Training and Research",NL-KVK-09098104,Netherlands
War Child Holland,International NGO,NL-KVK-41215393,Netherlands
War Child UK,International NGO,GB-CHC-1071659,United Kingdom
War on Want,International NGO,GB-CHC-208724,United Kingdom
War on Want NI,International NGO,GB-COH-NI011322,United Kingdom
Water & Sanitation for the Urban Poor (WSUP),Public Private Partnership,GB-COH-5419428,United Kingdom
Water Witness International,International NGO,GB-COH-353570,United Kingdom
Water Works,International NGO,GB-CHC-1158206,United Kingdom
Water for People,International NGO,US-EIN-84-1166148,United States
WaterAid,International NGO,GB-CHC-288701,United Kingdom
Welbodi Partnership,"Academic, Training and Research",GB-CHC-1125217,United Kingdom
Wellfound,International NGO,GB-CHC-1110434,United Kingdom
Wemos Foundation,International NGO,NL-KVK-41201644,Netherlands
Wetlands International,International NGO,NL-KVK-9099028,(No country assigned)
Win Win Strategies,International NGO,NL-KVK-66926262,Netherlands
Windle Trust Kenya,National NGO,KE-NCB-OP/218/051/915/65,Kenya
Womankind Worldwide,International NGO,GB-CHC-328206,United Kingdom
Women Environmental Programme,National NGO,NG-CAC-495140,Nigeria
Women Peacemakers Program,International NGO,NL-KVK-56083459,Netherlands
Women and Children First (UK),International NGO,GB-CHC-1085096,United Kingdom
Women for Women International (UK),International NGO,GB-CHC-1115109,United Kingdom
Women's Environment & Development Organization,International NGO,US-EIN-52-1238773,United States
World Association for Christian Communication (UK),International NGO,GB-COH-2082273,United Kingdom
World Child Cancer UK,International NGO,GB-CHC-1084729,United Kingdom
World Economic Forum,International NGO,US-EIN-203908371,United States
World Economic Forum Geneva,International NGO,CH-FDJP-66004229946,Switzerland
World Health Organization,Multilateral,XM-DAC-928,Switzerland
World University Service of Canada,International NGO,CA-CRA_ARC-119304848,Canada
World Vision International,International NGO,US-IRS-95-3202116,United States
World Vision Netherlands,Foundation,NL-KVK-41179943,Netherlands
World Vision UK,International NGO,GB-CHC-285908,United Kingdom
World Wide Fund for Nature - Pakistan,International NGO,21-PK-WWF,Pakistan
Y Care International,International NGO,GB-CHC-1109789,United Kingdom
YMCA of Liberia,National NGO,LR-MPEA-NGO-AC-0298,Liberia
Young Innovations Pvt. Ltd,"Academic, Training and Research",NP-CRO-45995/063/064,Nepal
Youth Business International,International NGO,GB-CHC-1123946,United Kingdom
Youth Net and Counselling - YONECO,National NGO,MW-CNM-C076-1999,Malawi
ZOA,International NGO,NL-KVK-41009723,Netherlands
Zimbabwe Educational Trust,International NGO,GB-CHC-327519,United Kingdom
Zimmerman & Zimmerman,Private Sector,NL-KVK-51018586,Netherlands
Zing,Foundation,GB-CHC-1133342,United Kingdom
act4africa,International NGO,GB-COH-04276635,United Kingdom
dance4life,International NGO,NL-KVK-34197379,Netherlands
iPartner India,International NGO,GB-CHC-1114944,United Kingdom
interburns,International NGO,GB-CHC-1122299,United Kingdom
marysmeals,International NGO,GB-SC-SCO45223,United Kingdom
mothers2mothers,International NGO,ZA-NPO-025-359,South Africa
openmindedly,Private Sector,IM-CR-024714B,Isle Of Man
partos,National NGO,NL-KVK-34214586,Netherlands



